日付,有効化されたメンバーシップの合計,有効化された通常メンバーの合計,有効化されたゲスト,アクティブなメンバー数（日次）,メッセージを投稿した人数（日次）,アクティブなメンバー数（週次）,メッセージを投稿した人数（週次）,パブリックチャンネルのメッセージ,プライベートチャンネルのメッセージ,共有チャンネルへの投稿メッセージ数,ダイレクトメッセージでの投稿メッセージ数,メッセージの割合、パブリックチャンネル,メッセージの割合、プライベートチャンネル,メッセージの割合、DM,表示回数の割合、パブリックチャンネル,表示回数の割合、プライベートチャンネル,表示回数の割合、DM,通常メンバーの合計,ゲストの合計,総メンバー数,申請された通常メンバー総数,申請されたゲスト総数,申請されたメンバーの合計,アップロードファイル数,メンバーにより投稿されたメッセージ数,パブリックチャンネル、1つのワークスペース,投稿されたメッセージ数,アプリが投稿したメッセージ数,アクティブなメンバー数（月間）,メッセージを投稿した人数（月間）
2025-05-01,572,455,117,175,36,456,298,11,0,0,115,0.0873,0,0.9127,0.5526,0.0789,0.3684,457,117,574,455,114,569,11,126,937,147,1,477,404
2025-05-02,572,455,117,156,47,447,254,11,0,0,215,0.0487,0,0.9513,0.5745,0.0182,0.4073,457,117,574,455,114,569,28,226,937,250,4,477,405
2025-05-03,572,455,117,199,28,444,247,10,0,0,58,0.1471,0,0.8529,0.7547,0.0081,0.2372,457,117,574,455,114,569,28,68,937,81,3,475,406
2025-05-04,572,455,117,145,28,445,241,15,0,0,50,0.2308,0,0.7692,0.7443,0.0197,0.2361,457,117,574,455,114,569,10,65,937,75,2,475,406
2025-05-05,572,455,117,109,39,431,200,32,1,1,144,0.1808,0.0056,0.8136,0.5289,0.0058,0.4653,457,117,574,455,114,569,33,177,937,202,0,473,402
2025-05-06,572,455,117,91,27,417,143,19,0,0,224,0.0782,0,0.9218,0.3535,0.0116,0.6349,457,117,574,455,114,569,12,243,937,248,0,473,402
2025-05-07,572,455,117,377,117,421,180,121,4,0,512,0.19,0.0063,0.8038,0.8476,0.0213,0.131,457,117,574,455,114,569,32,637,937,670,0,473,402
2025-05-08,572,455,117,361,96,436,204,68,5,5,341,0.1643,0.0121,0.8237,0.7784,0.028,0.1936,457,117,574,455,114,569,109,414,937,469,0,474,401
2025-05-09,572,455,117,352,133,444,255,141,17,0,419,0.2444,0.0295,0.7262,0.7576,0.0652,0.1773,457,117,574,455,114,569,67,577,937,634,0,474,404
2025-05-10,572,455,117,228,43,442,257,46,27,0,242,0.146,0.0857,0.7683,0.591,0.0968,0.3123,457,117,574,455,114,569,55,315,938,355,0,473,403
2025-05-11,572,455,117,219,66,440,263,108,33,0,429,0.1895,0.0579,0.7526,0.5124,0.0451,0.4426,457,117,574,455,114,569,68,570,938,635,1,473,403
2025-05-12,572,455,117,363,117,442,277,98,57,0,369,0.187,0.1088,0.7042,0.7164,0.0861,0.1975,457,117,574,455,114,569,59,524,936,580,3,473,401
2025-05-13,572,455,117,367,95,444,296,26,19,1,396,0.059,0.0431,0.898,0.7018,0.0295,0.2687,457,117,574,455,114,569,128,441,936,527,0,473,403
2025-05-14,575,455,120,329,61,446,263,37,4,0,762,0.0461,0.005,0.9489,0.6833,0.0137,0.303,457,120,577,455,117,572,34,803,936,836,0,474,402
2025-05-15,576,456,120,371,76,450,267,27,6,4,388,0.0641,0.0143,0.9216,0.7573,0.0279,0.2148,458,120,578,456,117,573,63,421,936,484,0,476,402
2025-05-16,576,456,120,355,117,449,268,144,2,0,492,0.2257,0.0031,0.7712,0.8172,0.0176,0.1651,458,120,578,456,117,573,167,638,936,787,0,475,397
2025-05-17,576,456,120,182,41,447,266,28,1,0,248,0.1011,0.0036,0.8953,0.5363,0.0099,0.4538,458,120,578,456,117,573,47,277,936,316,1,475,397
2025-05-18,576,456,120,174,30,447,257,16,10,0,250,0.058,0.0362,0.9058,0.5131,0.0429,0.444,458,120,578,456,117,573,23,276,936,298,0,474,396
2025-05-19,576,456,120,241,148,448,279,243,7,0,304,0.4386,0.0126,0.5487,0.7428,0.0352,0.222,458,120,578,456,117,573,78,554,936,656,0,473,398
2025-05-20,576,456,120,340,87,447,283,29,0,0,769,0.0363,0,0.9637,0.5625,0.0046,0.4329,458,120,578,456,117,573,76,798,936,877,0,473,398
2025-05-21,576,456,120,266,32,446,275,12,1,1,252,0.0453,0.0038,0.9509,0.6155,0.0054,0.3791,458,120,578,456,117,573,18,265,936,287,0,472,394
2025-05-22,576,456,120,358,81,443,272,53,4,14,353,0.1293,0.0098,0.861,0.7609,0.0336,0.2055,458,120,578,456,117,573,40,410,936,445,0,473,390
2025-05-23,576,456,120,392,117,441,274,78,5,2,328,0.1898,0.0122,0.7981,0.8165,0.0291,0.1543,458,120,578,456,117,573,110,411,936,508,0,474,381
2025-05-24,576,456,120,98,27,437,272,22,0,0,393,0.053,0,0.947,0.2545,0.0054,0.7401,458,120,578,456,117,573,28,415,936,451,11,474,381
2025-05-25,576,456,120,91,39,436,275,37,0,0,112,0.2483,0,0.7517,0.4458,0.0042,0.55,458,120,578,456,117,573,16,149,936,166,0,474,380
2025-05-26,576,456,120,297,82,438,231,61,3,0,375,0.139,0.0068,0.8542,0.8046,0.018,0.1774,458,120,578,456,117,573,92,439,936,495,0,471,368
2025-05-27,576,456,120,333,151,443,277,123,6,2,497,0.1965,0.0096,0.7939,0.7884,0.0229,0.1887,458,120,578,456,117,573,90,626,936,709,24,472,376
2025-05-28,576,456,120,353,119,447,297,109,0,0,926,0.1053,0,0.8947,0.7973,0.0011,0.2015,458,120,578,456,117,573,94,1035,937,1200,78,472,380
2025-05-29,576,456,120,334,120,445,307,68,0,12,400,0.1453,0,0.8547,0.6822,0.0159,0.3018,458,120,578,456,117,573,79,468,937,518,14,471,388
2025-05-30,576,456,120,381,145,439,313,127,11,1,637,0.1639,0.0142,0.8219,0.7556,0.0413,0.2031,458,120,578,456,117,573,57,775,937,822,0,471,393
2025-05-31,576,456,120,124,44,441,315,21,6,1,370,0.0529,0.0151,0.932,0.3067,0.0203,0.673,458,120,578,456,117,573,58,397,936,474,32,469,395
2025-06-01,576,456,120,171,50,440,313,8,2,0,269,0.0287,0.0072,0.9642,0.3659,0.0307,0.6034,458,120,578,456,117,573,32,279,936,308,1,469,394
2025-06-02,576,456,120,328,112,439,322,109,28,0,332,0.2324,0.0597,0.7079,0.6928,0.1092,0.198,458,120,578,456,117,573,80,469,935,621,96,470,396
2025-06-03,576,456,120,334,105,438,297,67,3,0,604,0.0994,0.0045,0.8961,0.5852,0.0144,0.4004,458,120,578,456,117,573,92,674,936,785,40,470,398
2025-06-04,576,456,120,372,204,440,331,570,1,1,1209,0.3202,0.0006,0.6792,0.8299,0.0032,0.1669,458,120,578,456,117,573,97,1780,936,1886,27,470,398
2025-06-05,577,456,121,349,95,452,328,55,4,3,415,0.116,0.0084,0.8755,0.6258,0.0339,0.3402,458,121,579,456,118,574,70,474,936,524,0,473,401
2025-06-06,577,456,121,347,135,455,322,100,22,0,490,0.1634,0.0359,0.8007,0.695,0.0469,0.2582,458,121,579,456,118,574,55,612,936,665,0,473,401
2025-06-07,577,456,121,325,50,458,320,11,0,0,448,0.024,0,0.976,0.5671,0.0016,0.4313,458,121,579,456,118,574,26,459,936,489,7,472,401
2025-06-08,577,456,121,140,38,456,317,14,3,0,275,0.0479,0.0103,0.9418,0.3618,0.0457,0.5924,458,121,579,456,118,574,24,292,937,320,6,472,401
2025-06-09,577,456,121,361,81,457,318,24,27,0,519,0.0421,0.0474,0.9105,0.5995,0.111,0.2895,458,121,579,456,118,574,93,570,937,635,0,472,403
2025-06-10,577,456,121,245,79,458,321,29,0,4,481,0.0569,0,0.9431,0.5433,0.0066,0.4501,458,121,579,456,118,574,68,510,938,567,1,472,404
2025-06-11,577,456,121,224,46,456,249,9,11,0,159,0.0503,0.0615,0.8883,0.633,0.07,0.297,458,121,579,456,118,574,16,179,938,203,0,472,406
2025-06-12,577,456,121,339,50,454,226,16,6,1,331,0.0453,0.017,0.9377,0.7153,0.0599,0.2248,458,121,579,456,118,574,22,353,939,374,0,469,407
2025-06-13,577,456,121,380,110,449,214,87,2,1,655,0.1169,0.0027,0.8804,0.678,0.0185,0.3035,458,121,579,456,118,574,63,744,941,906,0,470,407
2025-06-14,577,456,121,199,31,445,211,6,0,0,98,0.0577,0,0.9423,0.7149,0.0113,0.2738,458,121,579,456,118,574,13,104,941,117,0,470,406
2025-06-15,577,456,121,98,18,448,211,1,0,0,88,0.0112,0,0.9888,0.7235,0.0076,0.2689,458,121,579,456,118,574,12,89,941,97,0,470,407
2025-06-16,577,456,121,288,49,446,200,13,0,0,188,0.0647,0,0.9353,0.7598,0.0046,0.2356,458,121,579,456,118,574,13,201,941,387,0,471,401
2025-06-17,577,456,121,364,76,450,189,15,7,0,516,0.0279,0.013,0.9591,0.6875,0.0154,0.2971,458,121,579,456,118,574,45,538,941,598,0,470,401
2025-06-18,577,456,121,384,73,452,207,14,5,0,239,0.0543,0.0194,0.9264,0.8027,0.0157,0.1816,458,121,579,456,119,575,55,258,941,322,3,473,402
2025-06-19,577,456,121,370,125,455,258,109,31,1,326,0.2339,0.0665,0.6996,0.7637,0.0664,0.1699,458,121,579,456,119,575,52,466,961,873,0,472,401
2025-06-20,577,456,121,391,149,456,267,130,2,0,467,0.217,0.0033,0.7796,0.7126,0.0138,0.2736,458,121,579,456,119,575,72,599,962,669,14,470,405
2025-06-21,577,456,121,188,37,456,269,9,1,0,383,0.0229,0.0025,0.9746,0.485,0.0182,0.4967,458,121,579,456,119,575,19,393,962,410,0,470,404
2025-06-22,577,456,121,233,34,458,274,9,0,0,170,0.0503,0,0.9497,0.66,0.0043,0.3357,458,121,579,456,119,575,9,179,962,188,0,470,403
2025-06-23,577,456,121,314,57,459,280,4,6,1,385,0.0101,0.0152,0.9747,0.6327,0.0109,0.3564,458,121,579,456,119,575,42,395,962,439,8,470,402
2025-06-24,577,456,121,304,102,460,283,6,2,0,517,0.0114,0.0038,0.9848,0.5875,0.006,0.4065,458,121,579,456,119,575,51,525,962,559,0,471,394
2025-06-25,577,456,121,334,87,453,286,21,3,0,384,0.0515,0.0074,0.9412,0.7523,0.0245,0.2232,458,121,579,456,119,575,46,408,962,436,0,472,395
2025-06-26,577,456,121,322,111,452,270,99,16,3,596,0.1392,0.0225,0.8383,0.6778,0.0517,0.2704,458,121,579,456,119,575,287,711,962,895,0,473,391
2025-06-27,577,456,121,390,135,453,260,153,13,0,449,0.2488,0.0211,0.7301,0.8098,0.0151,0.1751,458,121,579,456,119,575,70,615,962,666,0,473,391
2025-06-28,577,456,121,94,31,453,257,1,3,0,109,0.0088,0.0265,0.9646,0.4565,0.0471,0.4964,458,121,579,456,119,575,12,113,962,125,0,473,390
2025-06-29,577,456,121,163,34,453,258,7,0,0,156,0.0429,0,0.9571,0.5459,0.0099,0.4442,458,121,579,456,119,575,15,163,962,176,0,473,390
2025-06-30,577,456,121,304,58,450,261,13,4,0,228,0.0531,0.0163,0.9306,0.7394,0.0389,0.2217,458,121,579,456,119,575,26,245,962,275,2,473,387
2025-07-01,576,455,121,350,68,450,247,13,13,0,511,0.0242,0.0242,0.9516,0.7184,0.0109,0.2706,457,121,578,455,119,574,34,537,962,570,1,473,391
2025-07-02,582,456,126,286,80,454,245,17,2,1,578,0.0285,0.0034,0.9682,0.5305,0.0169,0.4526,458,126,584,456,124,580,76,597,962,667,4,475,368
2025-07-03,582,456,126,353,157,454,278,143,23,1,501,0.2144,0.0345,0.7511,0.7712,0.0457,0.1832,458,126,584,456,124,580,45,667,962,718,0,474,378
2025-07-04,582,456,126,377,123,449,282,119,14,0,464,0.1993,0.0235,0.7772,0.7107,0.0448,0.2445,458,126,584,456,124,580,77,597,962,666,0,473,378
2025-07-05,582,456,126,242,51,451,280,13,4,0,252,0.0483,0.0149,0.9368,0.6277,0.0065,0.3658,458,126,584,456,124,580,26,269,962,287,0,473,378
2025-07-06,582,456,126,230,44,451,279,19,1,1,118,0.1377,0.0072,0.8551,0.7623,0.0045,0.2333,458,126,584,456,124,580,11,138,962,146,1,473,379
2025-07-07,582,456,126,238,47,450,277,15,0,0,103,0.1271,0,0.8729,0.7194,0.0697,0.2109,458,126,584,456,124,580,22,118,962,133,0,472,379
2025-07-08,582,456,126,226,63,446,282,15,15,0,253,0.053,0.053,0.894,0.7268,0.0537,0.2195,458,126,584,456,124,580,16,283,966,294,0,472,376
2025-07-09,582,456,126,179,80,441,277,13,4,0,322,0.0383,0.0118,0.9499,0.4114,0.019,0.5696,458,126,584,456,124,580,28,339,966,378,0,473,378
2025-07-10,583,456,127,320,149,441,274,146,11,0,338,0.2949,0.0222,0.6828,0.8856,0.0216,0.0928,458,127,585,456,125,581,61,495,966,628,0,475,385
2025-07-11,583,456,127,347,119,443,269,49,16,0,294,0.1365,0.0446,0.8189,0.7014,0.0814,0.2171,458,127,585,456,125,581,65,359,969,410,0,476,386
2025-07-12,583,456,127,109,31,440,267,1,4,0,74,0.0127,0.0506,0.9367,0.3707,0.2278,0.4015,458,127,585,456,125,581,13,79,969,91,0,476,385
2025-07-13,583,456,127,80,34,440,268,0,16,0,141,0,0.1019,0.8981,0.0816,0.5301,0.3883,458,127,585,456,125,581,25,157,969,181,1,476,386
2025-07-14,583,456,127,185,46,441,268,5,3,0,150,0.0316,0.019,0.9494,0.5348,0.0449,0.4202,458,127,585,456,125,581,31,158,969,181,0,477,386
2025-07-15,583,456,127,319,48,444,262,9,0,0,174,0.0492,0,0.9508,0.7937,0.0134,0.1929,458,127,585,456,125,581,35,183,969,213,0,477,384
2025-07-16,583,456,127,307,64,445,264,11,3,0,207,0.0498,0.0136,0.9367,0.5624,0.0862,0.3515,458,127,585,456,125,581,37,221,969,360,0,470,382
2025-07-17,583,456,127,340,158,447,270,317,10,0,387,0.444,0.014,0.542,0.767,0.0351,0.1979,458,127,585,456,125,581,72,714,972,789,0,469,384
2025-07-18,583,456,127,392,169,447,281,165,289,0,511,0.171,0.2995,0.5295,0.3817,0.5058,0.1124,458,127,585,456,125,581,126,965,972,1055,0,470,387
2025-07-19,583,456,127,179,45,449,280,1,0,0,126,0.0079,0,0.9921,0.5439,0.0198,0.4363,458,127,585,456,125,581,12,127,972,140,0,470,385
2025-07-20,583,456,127,129,42,449,280,3,1,0,135,0.0216,0.0072,0.9712,0.3639,0.019,0.6171,458,127,585,456,125,581,16,139,972,152,0,470,386
2025-07-21,583,456,127,198,50,447,282,5,0,0,172,0.0282,0,0.9718,0.4765,0.0112,0.5123,458,127,585,456,125,581,53,177,972,227,1,468,389
2025-07-22,583,456,127,296,72,449,287,10,0,6,254,0.0379,0,0.9621,0.6793,0,0.3207,458,127,585,456,125,581,59,264,976,309,0,467,383
2025-07-23,583,456,127,340,78,449,295,4,0,0,303,0.013,0,0.987,0.7048,0.0015,0.2937,458,127,585,456,125,581,99,307,976,362,0,468,385
2025-07-24,583,456,127,404,121,450,265,34,13,0,433,0.0708,0.0271,0.9021,0.7408,0.0784,0.1808,458,127,585,456,125,581,170,480,976,627,4,469,387
2025-07-25,583,456,127,393,126,447,241,47,1,0,497,0.0862,0.0018,0.9119,0.6815,0.0206,0.2979,458,127,585,456,125,581,88,545,976,620,0,469,391
2025-07-26,583,456,127,94,28,447,240,1,0,0,54,0.0182,0,0.9818,0.5848,0.0468,0.3684,458,127,585,456,125,581,12,55,976,64,0,469,392
2025-07-27,583,456,127,85,25,448,236,0,2,0,61,0,0.0317,0.9683,0.4775,0.0449,0.4775,458,127,585,456,125,581,36,63,976,91,0,469,391
2025-07-28,583,456,127,269,65,451,238,13,2,0,204,0.0594,0.0091,0.9315,0.6094,0.0715,0.3191,458,127,585,456,125,581,49,219,976,263,0,469,389
2025-07-29,583,456,127,355,76,453,233,38,3,0,324,0.1041,0.0082,0.8877,0.7005,0.0208,0.2787,458,127,585,456,125,581,50,365,976,396,0,468,386
2025-07-30,583,456,127,325,98,457,247,23,4,0,733,0.0303,0.0053,0.9645,0.4222,0.0139,0.5639,458,127,585,456,125,581,66,760,976,817,0,467,388
2025-07-31,583,456,127,324,118,454,252,25,9,0,971,0.0249,0.009,0.9662,0.4276,0.0177,0.5547,458,127,585,456,125,581,41,1005,976,1077,33,467,393
2025-08-01,583,456,127,326,64,447,218,4,8,0,161,0.0231,0.0462,0.9306,0.6397,0.0769,0.2834,458,127,585,456,125,581,37,173,976,208,9,467,393
2025-08-02,583,456,127,239,45,448,224,3,1,0,182,0.0161,0.0054,0.9785,0.5647,0.02,0.4153,458,127,585,456,125,581,24,186,976,209,0,467,393
2025-08-03,583,456,127,216,47,447,230,11,2,0,164,0.0621,0.0113,0.9266,0.5792,0.026,0.3948,458,127,585,456,125,581,36,177,977,204,3,467,393
2025-08-04,583,456,127,329,52,443,227,30,21,0,139,0.1579,0.1105,0.7316,0.7267,0.142,0.1312,458,127,585,456,125,581,15,190,978,290,39,467,393
2025-08-05,583,456,127,135,34,440,213,31,3,0,123,0.1975,0.0191,0.7834,0.5024,0.1238,0.3738,458,127,585,456,125,581,22,157,978,189,18,467,388
2025-08-06,583,456,127,140,28,438,195,26,5,0,96,0.2047,0.0394,0.7559,0.4813,0.219,0.2997,458,127,585,456,125,581,20,127,978,146,4,465,386
2025-08-07,583,456,127,185,39,429,154,6,1,0,138,0.0414,0.0069,0.9517,0.4541,0.1129,0.4329,458,127,585,456,125,581,21,145,978,175,0,464,377
2025-08-08,583,456,127,147,32,426,139,2,10,0,127,0.0144,0.0719,0.9137,0.2772,0.1683,0.5545,458,127,585,456,125,581,33,139,978,170,0,464,373
2025-08-09,583,456,127,54,24,417,132,0,14,0,100,0,0.1228,0.8772,0.1639,0.1257,0.7104,458,127,585,456,125,581,16,114,978,129,0,464,373
2025-08-10,583,456,127,66,26,413,113,1,7,0,150,0.0063,0.0443,0.9494,0.1202,0.2067,0.6731,458,127,585,456,125,581,17,158,978,174,0,464,375
2025-08-11,583,456,127,140,28,390,106,4,24,0,128,0.0256,0.1538,0.8205,0.5467,0.119,0.3343,458,127,585,456,125,581,38,156,978,191,0,462,372
2025-08-12,583,456,127,54,22,385,96,0,15,0,106,0,0.124,0.876,0.1716,0.2059,0.6225,458,127,585,456,125,581,33,121,978,143,0,463,372
2025-08-13,583,456,127,209,26,387,97,1,0,0,76,0.013,0,0.987,0.657,0.0145,0.3285,458,127,585,456,125,581,16,77,978,88,0,462,369
2025-08-14,583,456,127,187,13,368,83,3,0,0,19,0.1364,0,0.8636,0.8151,0.1094,0.0755,458,127,585,456,125,581,6,22,978,42,14,462,343
2025-08-15,583,456,127,165,14,351,79,0,0,0,29,0,0,1,0.8197,0.0082,0.1721,458,127,585,456,125,581,3,29,978,32,0,462,326
2025-08-16,583,456,127,65,28,348,82,0,0,0,65,0,0,1,0.4576,0.0254,0.5169,458,127,585,456,125,581,6,65,978,70,1,462,329
2025-08-17,583,456,127,175,27,357,80,2,0,0,51,0.0377,0,0.9623,0.8125,0.0119,0.1756,458,127,585,456,125,581,4,53,978,75,1,462,327
2025-08-18,583,456,127,179,24,346,80,7,0,0,81,0.0795,0,0.9205,0.7795,0.0089,0.2116,458,127,585,456,125,581,8,88,978,98,1,462,328
2025-08-19,583,456,127,186,37,361,91,6,0,0,137,0.042,0,0.958,0.6116,0.0268,0.3616,458,127,585,456,125,581,12,143,978,152,0,463,327
2025-08-20,583,456,127,172,23,367,89,3,13,0,68,0.0357,0.1548,0.8095,0.6724,0.069,0.2586,458,127,585,456,125,581,2,84,979,116,0,465,324
2025-08-21,583,456,127,292,46,382,103,9,0,0,161,0.0529,0,0.9471,0.757,0.0471,0.196,458,127,585,456,125,581,19,170,979,183,0,465,305
2025-08-22,580,453,127,96,34,387,105,0,3,0,124,0,0.0236,0.9764,0.3682,0.027,0.6047,455,127,582,453,125,578,30,127,979,159,0,461,277
2025-08-23,580,453,127,109,34,387,100,3,0,0,148,0.0199,0,0.9801,0.4435,0.0029,0.5536,455,127,582,453,125,578,28,151,979,180,1,459,278
2025-08-24,580,453,127,55,25,379,103,0,0,0,147,0,0,1,0.2227,0.0045,0.7727,455,127,582,453,125,578,16,147,979,160,0,458,280
2025-08-25,580,453,127,67,30,377,102,10,1,0,123,0.0746,0.0075,0.9179,0.2915,0.0151,0.6935,455,127,582,453,125,578,38,134,979,169,0,458,276
2025-08-26,580,453,127,56,28,372,93,0,2,0,80,0,0.0244,0.9756,0.3226,0.0161,0.6613,455,127,582,453,125,578,10,82,979,99,8,458,269
2025-08-27,580,453,127,202,38,384,94,4,11,0,99,0.0351,0.0965,0.8684,0.6165,0.0625,0.321,455,127,582,453,125,578,17,114,979,135,0,459,252
2025-08-28,580,453,127,123,39,342,97,2,11,0,234,0.0081,0.0445,0.9474,0.2265,0.1807,0.5928,455,127,582,453,125,578,48,247,979,287,0,457,227
2025-08-29,580,453,127,87,47,340,97,14,8,0,180,0.0693,0.0396,0.8911,0.2168,0.078,0.7052,455,127,582,453,125,578,39,202,980,232,0,450,211
2025-08-30,580,453,127,58,21,332,97,3,4,0,86,0.0323,0.043,0.9247,0.2609,0.0745,0.6646,455,127,582,453,125,578,16,93,980,109,6,449,208
2025-08-31,580,453,127,42,19,328,95,0,5,0,86,0,0.0549,0.9451,0.139,0.0695,0.7914,455,127,582,453,125,578,31,91,980,102,2,447,195
2025-09-01,580,453,127,73,29,331,98,2,2,0,65,0.029,0.029,0.942,0.4188,0.1309,0.4503,455,127,582,453,125,578,23,69,980,93,1,445,194
2025-09-02,580,453,127,197,34,346,101,4,1,0,80,0.0471,0.0118,0.9412,0.6856,0.0103,0.3041,455,127,582,453,125,578,8,85,983,153,0,445,190
2025-09-03,580,453,127,181,30,338,95,2,18,0,166,0.0108,0.0968,0.8925,0.4886,0.1118,0.3996,455,127,582,453,125,578,28,186,982,212,0,445,188
2025-09-04,580,453,127,308,30,384,96,5,5,0,109,0.042,0.042,0.916,0.7735,0.0752,0.1513,455,127,582,453,125,578,35,119,982,147,0,447,183
2025-09-05,580,453,127,254,34,399,89,15,7,0,356,0.0397,0.0185,0.9418,0.4683,0.0391,0.4926,455,127,582,453,125,578,33,378,982,408,0,444,183
2025-09-06,580,453,127,77,24,398,94,1,2,1,65,0.0147,0.0294,0.9559,0.3886,0.04,0.5714,455,127,582,453,125,578,21,68,982,85,0,443,186
2025-09-07,580,453,127,58,29,395,94,0,39,0,253,0,0.1336,0.8664,0.0902,0.3686,0.5412,455,127,582,453,125,578,25,292,982,320,0,443,184
2025-09-08,580,453,127,199,47,396,100,0,26,0,162,0,0.1383,0.8617,0.3903,0.1975,0.4122,455,127,582,453,125,578,32,188,982,215,0,443,184
2025-09-09,580,453,127,289,42,402,106,19,5,0,142,0.1145,0.0301,0.8554,0.7927,0.0272,0.1801,455,127,582,453,125,578,25,166,982,183,0,443,187
2025-09-10,580,453,127,238,34,403,108,3,5,0,94,0.0294,0.049,0.9216,0.7716,0.0211,0.2073,455,127,582,453,125,578,18,102,982,122,0,443,184
2025-09-11,580,453,127,281,35,393,108,10,0,0,174,0.0543,0,0.9457,0.7249,0.0414,0.2337,455,127,582,453,125,578,34,184,982,213,0,444,185
2025-09-12,580,453,127,287,44,393,115,4,0,0,165,0.0237,0,0.9763,0.7744,0.0159,0.2097,455,127,582,453,125,578,27,169,982,195,0,445,196
2025-09-13,580,453,127,161,32,396,113,4,0,0,86,0.0444,0,0.9556,0.6823,0.0104,0.3073,455,127,582,453,125,578,49,90,982,105,0,446,193
2025-09-14,580,453,127,106,27,399,112,4,0,0,83,0.046,0,0.954,0.5349,0.0116,0.4535,455,127,582,453,125,578,13,87,982,100,0,445,191
2025-09-15,580,453,127,92,24,399,101,0,0,0,48,0,0,1,0.6221,0.0291,0.3488,455,127,582,453,125,578,14,48,982,58,0,445,188
2025-09-16,580,453,127,183,42,402,102,11,19,0,121,0.0728,0.1258,0.8013,0.5112,0.1339,0.355,455,127,582,453,125,578,23,151,983,305,21,444,184
2025-09-17,581,454,127,288,37,407,103,12,0,1,85,0.1237,0,0.8763,0.8393,0.0202,0.1405,456,127,583,454,125,579,26,97,983,112,0,448,189
2025-09-18,581,454,127,310,42,419,112,5,0,0,110,0.0435,0,0.9565,0.7567,0.0593,0.184,456,127,583,454,125,579,14,115,984,141,10,448,194
2025-09-19,580,453,127,397,110,437,163,105,32,1,637,0.1357,0.0413,0.823,0.6546,0.1628,0.1826,455,127,582,453,125,578,81,774,986,948,0,456,232
2025-09-20,580,453,127,131,32,437,161,6,4,0,127,0.0438,0.0292,0.927,0.4149,0.0745,0.5106,455,127,582,453,125,578,30,137,985,163,0,457,230
2025-09-21,581,454,127,265,24,437,155,6,2,1,110,0.0508,0.0169,0.9322,0.8606,0.0208,0.1186,456,127,583,454,125,579,8,118,986,129,1,457,227
2025-09-22,581,454,127,397,81,448,192,20,8,0,444,0.0424,0.0169,0.9407,0.7491,0.0299,0.2211,456,127,583,454,125,579,71,472,987,695,1,462,245
2025-09-23,581,454,127,380,109,448,226,81,26,0,641,0.1083,0.0348,0.857,0.702,0.0327,0.2653,456,127,583,454,125,579,34,748,988,1184,1,461,268
2025-09-24,581,454,127,381,107,448,248,69,5,1,300,0.1845,0.0134,0.8021,0.8883,0.016,0.0956,456,127,583,454,125,579,33,374,990,405,0,461,286
2025-09-25,581,454,127,365,165,451,310,305,8,3,329,0.4751,0.0125,0.5125,0.9133,0.0182,0.0686,456,127,583,454,125,579,83,642,1011,743,8,462,342
2025-09-26,581,454,127,286,91,446,304,35,14,1,462,0.0685,0.0274,0.9041,0.3997,0.1287,0.4716,456,127,583,454,125,579,39,511,1012,549,2,462,347
2025-09-27,581,454,127,144,29,444,301,18,5,0,62,0.2118,0.0588,0.7294,0.6139,0.1313,0.2548,456,127,583,454,125,579,7,85,1012,92,0,462,347
2025-09-28,581,454,127,263,25,441,301,3,0,0,54,0.0526,0,0.9474,0.8038,0.0146,0.1816,456,127,583,454,125,579,12,57,1012,67,0,462,346
2025-09-29,581,454,127,350,76,441,301,19,18,6,469,0.0375,0.0356,0.9269,0.6004,0.0784,0.3212,456,127,583,454,125,579,37,506,1013,542,0,462,350
2025-09-30,581,454,127,379,121,441,308,107,14,4,166,0.3728,0.0488,0.5784,0.8867,0.0231,0.0902,456,127,583,454,125,579,29,287,1013,308,0,463,353
2025-10-01,581,455,126,357,113,441,306,46,3,0,294,0.1341,0.0087,0.8571,0.8052,0.0314,0.1634,457,126,583,455,124,579,31,343,1012,376,1,463,361
2025-10-02,581,455,126,352,140,444,284,188,13,0,390,0.3181,0.022,0.6599,0.8283,0.0617,0.11,457,126,583,455,124,579,130,591,1012,727,0,464,364
2025-10-03,581,455,126,382,111,448,293,27,19,0,353,0.0677,0.0476,0.8847,0.6504,0.1381,0.2115,457,126,583,455,124,579,86,399,1013,591,0,464,371
2025-10-04,581,455,126,95,28,447,293,2,4,0,76,0.0244,0.0488,0.9268,0.4521,0.1826,0.3653,457,126,583,455,124,579,31,82,1013,100,0,464,372
2025-10-05,581,455,126,159,35,449,294,1,6,0,116,0.0081,0.0488,0.9431,0.5014,0.0616,0.437,457,126,583,455,124,579,29,123,1013,140,1,465,372
2025-10-06,581,455,126,379,71,450,290,34,5,0,374,0.0823,0.0121,0.9056,0.7371,0.0431,0.2199,457,126,583,455,124,579,63,413,1013,458,1,466,371
2025-10-07,581,455,126,385,121,450,291,90,3,0,516,0.1478,0.0049,0.8473,0.7391,0.0172,0.2437,457,126,583,455,124,579,35,609,1013,649,14,468,374
2025-10-08,581,455,126,329,124,451,291,92,1,0,269,0.2541,0.0028,0.7431,0.8222,0.0074,0.1704,457,126,583,455,124,579,81,362,1013,418,0,468,379
2025-10-09,587,455,132,318,153,451,307,275,9,0,444,0.3777,0.0124,0.6099,0.8409,0.0211,0.138,457,132,589,455,124,579,55,728,1015,783,0,470,386
2025-10-10,587,455,132,177,32,446,289,15,4,0,93,0.1339,0.0357,0.8304,0.5201,0.1915,0.2884,457,132,589,455,129,584,20,112,1015,137,0,476,384
2025-10-11,587,455,132,146,23,445,288,7,0,0,48,0.1273,0,0.8727,0.7412,0.0392,0.2196,457,132,589,455,129,584,24,55,1015,65,0,477,382
2025-10-12,587,455,132,189,14,445,284,0,0,0,70,0,0,1,0.7311,0.003,0.2659,457,132,589,455,129,584,20,70,1015,81,0,477,381
2025-10-13,587,455,132,265,35,446,277,4,0,0,99,0.0388,0,0.9612,0.6591,0.0121,0.3289,457,132,589,455,129,584,38,103,1020,354,1,477,381
2025-10-14,587,455,132,342,111,433,276,88,4,0,646,0.1192,0.0054,0.8753,0.656,0.0039,0.3401,457,132,589,455,129,584,18,738,1020,780,0,477,382
2025-10-15,587,455,132,327,109,435,283,87,10,0,475,0.1521,0.0175,0.8304,0.7935,0.0279,0.1785,457,132,589,455,129,584,61,572,1020,626,4,478,384
2025-10-16,588,455,133,368,138,438,267,207,5,0,311,0.3958,0.0096,0.5946,0.9051,0.0175,0.0774,457,133,590,455,130,585,87,523,1021,585,0,477,383
2025-10-17,589,455,134,366,98,447,281,31,5,0,444,0.0646,0.0104,0.925,0.6429,0.0503,0.3069,457,134,591,455,131,586,44,480,1021,527,1,476,379
2025-10-18,589,455,134,129,30,444,280,17,10,0,68,0.1789,0.1053,0.7158,0.5753,0.1096,0.3151,457,134,591,455,131,586,19,95,1023,111,1,476,378
2025-10-19,589,455,134,115,24,443,279,6,0,0,86,0.0652,0,0.9348,0.5632,0.0038,0.433,457,134,591,455,132,587,28,92,1023,125,8,477,378
2025-10-20,589,455,134,283,62,441,285,13,3,0,263,0.0466,0.0108,0.9427,0.5968,0.0434,0.3598,457,134,591,455,132,587,23,279,1023,311,0,478,377
2025-10-21,589,455,134,338,110,441,283,97,1,0,364,0.21,0.0022,0.7879,0.7335,0.0106,0.2558,457,134,591,455,132,587,42,462,1023,485,0,478,375
2025-10-22,589,455,134,340,146,445,300,145,5,0,1258,0.103,0.0036,0.8935,0.5872,0.0187,0.3941,457,134,591,455,132,587,161,1408,1032,1561,14,480,380
2025-10-23,589,455,134,318,148,445,302,299,13,17,263,0.52,0.0226,0.4574,0.885,0.0348,0.0802,457,134,591,455,132,587,676,575,1032,739,0,478,375
2025-10-24,589,455,134,374,139,447,312,59,3,0,551,0.0962,0.0049,0.8989,0.6056,0.0292,0.3652,457,134,591,455,132,587,70,613,1033,671,0,478,381
2025-10-25,589,455,134,230,55,449,322,26,0,0,197,0.1166,0,0.8834,0.7188,0.0091,0.272,457,134,591,455,132,587,71,223,1033,251,0,478,386
2025-10-26,589,455,134,163,46,449,322,10,0,0,237,0.0405,0,0.9595,0.3828,0.012,0.6053,457,134,591,455,132,587,31,247,1033,259,0,478,386
2025-10-27,589,455,134,342,96,451,327,41,0,3,488,0.0775,0,0.9225,0.6634,0.0046,0.332,457,134,591,455,132,587,159,529,1031,567,0,477,386
2025-10-28,589,455,134,356,156,452,333,146,3,0,292,0.3311,0.0068,0.6621,0.7678,0.0106,0.2216,457,134,591,455,132,587,53,441,1031,476,0,476,386
2025-10-29,589,455,134,341,103,450,330,117,9,0,250,0.3112,0.0239,0.6649,0.8593,0.0135,0.1272,457,134,591,455,132,587,34,376,1033,411,0,476,387
2025-10-30,589,455,134,287,150,447,331,261,26,0,350,0.4097,0.0408,0.5495,0.8732,0.0316,0.0952,457,134,591,455,132,587,137,637,1034,736,2,476,389
2025-10-31,589,455,134,331,133,448,332,79,6,0,590,0.117,0.0089,0.8741,0.5704,0.0409,0.3887,457,134,591,455,132,587,80,675,1035,739,0,475,397
2025-11-01,589,455,134,127,53,446,330,17,2,0,166,0.0919,0.0108,0.8973,0.2222,0.1291,0.6486,457,134,591,455,132,587,40,185,1035,205,1,474,397
2025-11-02,589,455,134,150,63,443,331,44,0,0,244,0.1528,0,0.8472,0.4256,0.0095,0.5649,457,134,591,455,132,587,27,288,1035,315,1,474,396
2025-11-03,589,455,134,324,110,438,336,70,0,0,524,0.1178,0,0.8822,0.5648,0.0057,0.4296,457,134,591,455,132,587,161,594,1037,656,0,474,398
2025-11-04,589,455,134,353,132,433,313,105,0,0,698,0.1308,0,0.8692,0.5957,0,0.4043,457,134,591,455,132,587,84,803,1038,861,0,468,398
2025-11-05,589,455,134,366,166,434,319,213,27,4,929,0.1822,0.0231,0.7947,0.6367,0.0313,0.332,457,134,591,455,132,587,102,1169,1039,1257,0,467,398
2025-11-06,589,455,134,297,166,434,317,146,10,7,593,0.1949,0.0134,0.7917,0.6589,0.0605,0.2806,457,134,591,455,132,587,147,749,1039,865,0,466,391
2025-11-07,589,455,134,357,137,439,324,60,4,1,508,0.1049,0.007,0.8881,0.6353,0.0513,0.3134,457,134,591,455,132,587,82,572,1039,615,0,467,397
2025-11-08,589,455,134,116,45,439,324,0,7,0,403,0,0.0171,0.9829,0.1464,0.0494,0.8042,457,134,591,455,132,587,57,410,1039,441,0,467,397
2025-11-09,589,455,134,216,52,439,323,3,1,0,554,0.0054,0.0018,0.9928,0.3795,0.0057,0.6148,457,134,591,455,132,587,54,558,1039,601,1,467,398
2025-11-10,589,455,134,404,126,447,333,26,2,0,546,0.0453,0.0035,0.9512,0.8059,0.0087,0.1855,457,134,591,455,132,587,103,574,1039,666,0,471,402
2025-11-11,589,455,134,349,110,447,336,101,1,0,238,0.2971,0.0029,0.7,0.8859,0.0033,0.1108,457,134,591,455,132,587,75,340,1039,370,0,471,403
2025-11-12,589,455,134,265,42,445,309,6,6,0,184,0.0306,0.0306,0.9388,0.695,0.0305,0.2745,457,134,591,455,132,587,31,196,1039,220,0,470,403
2025-11-13,589,455,134,230,38,446,262,1,2,0,161,0.0061,0.0122,0.9817,0.5819,0.121,0.2972,457,134,591,455,132,587,29,164,1039,180,0,470,403
2025-11-14,589,455,134,104,34,443,231,2,7,0,129,0.0145,0.0507,0.9348,0.4586,0.069,0.4724,457,134,591,455,132,587,26,138,1040,152,0,467,403
2025-11-15,589,455,134,91,18,445,228,1,1,0,37,0.0256,0.0256,0.9487,0.6622,0.0135,0.3243,457,134,591,455,132,587,7,39,1040,45,0,467,404
2025-11-16,589,455,134,156,30,446,221,3,11,0,55,0.0435,0.1594,0.7971,0.6705,0.092,0.2375,457,134,591,455,132,587,8,69,1040,79,1,467,405
2025-11-17,589,455,134,363,66,436,180,19,23,0,173,0.0884,0.107,0.8047,0.866,0.0336,0.1004,457,134,591,455,132,587,24,215,1043,244,1,468,407
2025-11-18,589,455,134,386,154,441,209,137,17,0,493,0.2117,0.0263,0.762,0.8399,0.0193,0.1408,457,134,591,455,132,587,36,647,1064,796,0,468,411
2025-11-19,589,455,134,390,75,442,225,21,8,0,364,0.0534,0.0204,0.9262,0.7642,0.0258,0.21,457,134,591,455,132,587,27,393,1065,424,1,467,411
2025-11-20,589,455,134,347,74,443,238,10,3,0,284,0.0337,0.0101,0.9562,0.7529,0.0417,0.2054,457,134,591,455,132,587,30,297,1067,325,0,468,411
2025-11-21,589,455,134,389,135,446,277,63,28,1,574,0.0947,0.0421,0.8632,0.6816,0.0741,0.2443,457,134,591,455,132,587,111,665,1071,758,0,468,408
2025-11-22,589,455,134,116,23,445,278,1,3,0,100,0.0096,0.0288,0.9615,0.4934,0.0691,0.4375,457,134,591,455,132,587,10,104,1071,124,1,467,405
2025-11-23,589,455,134,315,31,445,277,8,5,0,73,0.093,0.0581,0.8488,0.8464,0.0214,0.1321,457,134,591,455,132,587,21,86,1071,100,1,466,404
2025-11-24,589,455,134,344,73,443,279,19,6,0,324,0.0544,0.0172,0.9284,0.7276,0.0339,0.2385,457,134,591,455,132,587,86,349,1072,473,1,466,404
2025-11-25,589,455,134,349,140,442,276,214,15,0,268,0.4306,0.0302,0.5392,0.9126,0.0117,0.0757,457,134,591,455,132,587,84,497,1072,580,5,465,397
2025-11-26,589,455,134,334,121,442,303,150,10,0,384,0.2757,0.0184,0.7059,0.6914,0.0188,0.2898,457,134,591,455,132,587,84,544,1033,1087,5,464,399
2025-11-27,589,455,134,330,86,446,311,30,5,0,307,0.0877,0.0146,0.8977,0.5275,0.0608,0.4117,457,134,591,455,132,587,55,342,1033,374,0,466,401
2025-11-28,590,456,134,347,142,447,315,98,9,0,543,0.1508,0.0138,0.8354,0.623,0.0354,0.3416,458,134,592,456,132,588,119,650,1033,742,10,467,401
2025-11-29,590,456,134,171,48,446,318,7,5,0,162,0.0402,0.0287,0.931,0.3566,0.1903,0.4531,458,134,592,456,132,588,28,174,1033,200,0,467,404
2025-11-30,590,456,134,167,47,447,318,35,1,0,189,0.1556,0.0044,0.84,0.5181,0.0361,0.4458,458,134,592,456,132,588,38,225,1034,281,1,467,403
2025-12-01,596,456,140,373,98,454,324,93,6,0,343,0.2104,0.0136,0.776,0.7835,0.0182,0.1983,458,140,598,456,136,592,62,442,1037,493,1,471,405
2025-12-02,597,457,140,354,196,455,331,366,15,0,664,0.3502,0.0144,0.6354,0.773,0.023,0.204,459,140,599,457,136,593,136,1045,1037,1150,1,472,406
2025-12-03,598,458,140,345,99,459,321,112,9,0,494,0.1821,0.0146,0.8033,0.6488,0.053,0.2981,460,140,600,458,138,596,64,615,1037,674,0,474,402
2025-12-04,598,458,140,292,88,457,324,13,5,0,357,0.0347,0.0133,0.952,0.4846,0.0555,0.4599,460,140,600,458,138,596,39,375,1037,427,0,475,401
2025-12-05,599,459,140,391,151,456,328,118,7,0,590,0.165,0.0098,0.8252,0.6586,0.0371,0.3043,461,140,601,459,138,597,97,715,1038,807,0,477,403
2025-12-06,602,462,140,131,48,461,330,24,0,0,104,0.1875,0,0.8125,0.4576,0.0508,0.4915,464,140,604,462,138,600,26,128,1038,158,0,480,406
2025-12-07,602,462,140,138,48,461,332,73,3,0,181,0.284,0.0117,0.7043,0.5041,0.0664,0.4295,464,140,604,462,138,600,26,257,1039,278,0,480,407
2025-12-08,602,462,140,289,116,458,338,56,1,0,401,0.1223,0.0022,0.8755,0.5545,0.0352,0.4103,464,140,604,462,138,600,93,458,1039,519,0,480,406
2025-12-09,602,462,140,301,151,460,332,183,37,0,309,0.3459,0.0699,0.5841,0.8435,0.036,0.1205,464,140,604,462,138,600,84,529,1039,607,0,480,401
2025-12-10,602,462,140,311,72,453,314,18,7,0,257,0.0638,0.0248,0.9113,0.6026,0.0288,0.3685,464,140,604,462,138,600,62,282,1039,332,0,480,400
2025-12-11,603,463,140,311,82,456,310,43,14,4,288,0.1246,0.0406,0.8348,0.553,0.0739,0.3731,465,140,605,463,138,601,70,345,1039,415,0,480,401
2025-12-12,603,463,140,353,159,452,315,112,14,0,652,0.144,0.018,0.838,0.568,0.0658,0.3662,465,140,605,463,138,601,134,778,1032,916,11,480,407
2025-12-13,603,463,140,283,56,453,316,50,9,2,158,0.2304,0.0415,0.7281,0.6825,0.038,0.2794,465,140,605,463,138,601,111,217,1032,273,0,480,409
2025-12-14,603,463,140,136,27,450,317,6,22,0,46,0.0811,0.2973,0.6216,0.6848,0.0688,0.2464,465,140,605,463,138,601,29,74,1032,116,9,480,409
2025-12-15,605,465,140,355,104,454,305,26,32,1,375,0.06,0.0739,0.8661,0.5829,0.0661,0.351,467,140,607,465,138,603,98,433,1032,549,36,483,413
2025-12-16,605,465,140,397,172,457,317,182,49,0,354,0.3111,0.0838,0.6051,0.8287,0.0505,0.1208,467,140,607,465,138,603,70,585,1027,649,0,481,415
2025-12-17,606,466,140,388,125,461,322,69,34,0,406,0.1356,0.0668,0.7976,0.7093,0.0754,0.2153,468,140,608,466,138,604,110,509,1028,624,15,480,416
2025-12-18,606,466,140,292,97,464,333,64,42,0,382,0.1311,0.0861,0.7828,0.3005,0.1265,0.573,468,140,608,466,138,604,68,488,1028,560,0,483,422
2025-12-19,607,467,140,399,165,469,334,80,15,0,609,0.1136,0.0213,0.8651,0.6863,0.0522,0.2615,469,140,609,467,138,605,246,704,1029,876,2,484,423
2025-12-20,607,467,140,158,46,469,331,1,2,0,135,0.0072,0.0145,0.9783,0.3788,0.1393,0.4819,469,140,609,467,138,605,41,138,1029,165,0,484,424
2025-12-21,607,467,140,214,34,472,334,2,2,0,81,0.0235,0.0235,0.9529,0.6803,0.0628,0.2568,469,140,609,467,138,605,24,85,1029,103,0,485,424
2025-12-22,608,468,140,318,84,471,334,11,51,0,257,0.0345,0.1599,0.8056,0.5908,0.1178,0.2914,470,140,610,468,138,606,31,319,1028,376,0,486,425
2025-12-23,609,469,140,213,43,469,292,5,8,0,118,0.0382,0.0611,0.9008,0.5731,0.1096,0.3173,471,140,611,469,138,607,38,131,1028,154,0,487,426
2025-12-24,611,469,142,116,35,464,251,11,6,0,75,0.1196,0.0652,0.8152,0.4049,0.2105,0.3846,471,142,613,469,140,609,36,92,1029,124,0,488,421
2025-12-25,610,468,142,98,33,457,237,47,2,0,84,0.3534,0.015,0.6316,0.4436,0.1818,0.3745,470,142,612,468,140,608,27,133,1029,158,3,489,420
2025-12-26,610,468,142,202,38,428,163,26,1,0,91,0.2203,0.0085,0.7712,0.6521,0.0415,0.3065,470,142,612,468,140,608,12,118,1029,132,0,489,420
2025-12-27,610,468,142,76,29,426,146,5,0,0,126,0.0382,0,0.9618,0.2773,0.0252,0.6975,470,142,612,468,140,608,12,131,1029,147,4,489,419
2025-12-28,610,468,142,57,18,420,142,8,3,0,56,0.1194,0.0448,0.8358,0.3768,0.1449,0.4783,470,142,612,468,140,608,38,67,1029,89,3,489,419
2025-12-29,610,468,142,65,27,361,111,20,14,0,171,0.0976,0.0683,0.8341,0.1126,0.2218,0.6655,470,142,612,468,140,608,37,205,1029,242,5,488,419
2025-12-30,611,469,142,97,25,344,97,10,1,0,295,0.0327,0.0033,0.9641,0.1866,0.0484,0.765,471,142,613,469,140,609,24,306,1029,327,0,489,415
2025-12-31,611,469,142,117,31,341,97,8,0,0,78,0.093,0,0.907,0.5021,0.0581,0.4398,471,142,613,469,140,609,13,86,1029,97,0,487,406
2026-01-01,611,469,142,124,11,345,87,0,1,0,42,0,0.0233,0.9767,0.5467,0.2533,0.2,471,142,613,469,140,609,6,43,1029,57,6,488,405
2026-01-02,611,469,142,51,16,303,81,4,0,0,361,0.011,0,0.989,0.0888,0.0084,0.9028,471,142,613,469,140,609,13,365,1029,386,0,487,402
2026-01-03,612,470,142,56,21,309,76,5,2,0,442,0.0111,0.0045,0.9844,0.0608,0.0129,0.9263,472,142,614,470,140,610,20,449,1029,474,0,487,402
2026-01-04,613,471,142,62,19,321,75,30,0,0,135,0.1818,0,0.8182,0.2937,0.0074,0.6989,473,142,615,471,140,611,22,165,1029,187,1,488,403
2026-01-05,613,471,142,201,48,379,87,173,11,0,697,0.1964,0.0125,0.7911,0.3805,0.0307,0.5888,473,142,615,471,140,611,208,881,1029,939,0,489,396
2026-01-06,613,471,142,374,78,431,123,17,20,0,371,0.0417,0.049,0.9093,0.7328,0.0211,0.2462,473,142,615,471,140,611,70,408,1029,468,0,489,390
2026-01-07,613,471,142,278,67,444,138,16,32,0,532,0.0276,0.0552,0.9172,0.4352,0.0594,0.5055,473,142,615,471,140,611,77,580,1030,656,0,490,390
2026-01-08,613,471,142,286,62,451,156,45,9,0,215,0.1673,0.0335,0.7993,0.5576,0.0728,0.3695,473,142,615,471,140,611,62,269,1030,326,0,487,393
2026-01-09,613,471,142,392,153,458,229,122,37,0,827,0.1237,0.0375,0.8387,0.604,0.1243,0.2717,473,142,615,471,140,611,125,986,1033,1079,0,488,390
2026-01-10,613,471,142,104,31,457,228,7,3,0,86,0.0729,0.0313,0.8958,0.5231,0.1154,0.3615,473,142,615,471,140,611,45,96,1033,118,0,488,388
2026-01-11,613,471,142,221,34,456,229,8,2,0,76,0.093,0.0233,0.8837,0.7881,0.0372,0.1747,473,142,615,471,140,611,26,86,1033,97,0,488,388
2026-01-12,614,472,142,335,60,458,234,30,9,0,117,0.1923,0.0577,0.75,0.8242,0.0781,0.0978,474,142,616,472,140,612,26,156,1033,179,0,489,385
2026-01-13,615,473,142,336,83,455,235,26,28,0,374,0.0607,0.0654,0.8738,0.6249,0.0603,0.3148,475,142,617,473,140,613,96,428,1034,478,0,487,361
2026-01-14,616,474,142,344,122,451,252,330,39,0,492,0.3833,0.0453,0.5714,0.8788,0.0297,0.0915,476,142,618,474,140,614,99,861,1034,945,0,489,356
2026-01-15,617,475,142,363,83,458,255,28,28,0,404,0.0609,0.0609,0.8783,0.693,0.0877,0.2194,477,142,619,475,140,615,86,460,1034,545,0,488,351
2026-01-16,617,475,142,315,52,447,212,16,9,0,195,0.0727,0.0409,0.8864,0.6244,0.0854,0.2901,477,142,619,475,140,615,71,220,1034,281,18,485,336
2026-01-17,617,475,142,168,41,450,216,2,9,0,159,0.0118,0.0529,0.9353,0.5123,0.0761,0.4116,477,142,619,475,140,615,19,170,1034,186,0,484,329
2026-01-18,617,475,142,158,54,451,222,1,23,0,193,0.0046,0.106,0.8894,0.3745,0.1423,0.4833,477,142,619,475,140,615,46,217,1034,260,2,484,329
2026-01-19,617,475,142,380,96,464,233,17,6,0,449,0.036,0.0127,0.9513,0.5512,0.0534,0.3953,477,142,619,475,140,615,64,472,1034,528,0,485,334
2026-01-20,617,475,142,304,170,467,288,201,34,0,404,0.3146,0.0532,0.6322,0.8754,0.024,0.1006,477,142,619,475,140,615,95,639,1034,701,0,487,371
2026-01-21,617,475,142,341,51,464,265,10,19,0,199,0.0439,0.0833,0.8728,0.6897,0.1233,0.187,477,142,619,475,140,615,49,228,1035,259,0,487,371
2026-01-22,618,476,142,350,77,460,260,14,16,0,212,0.0579,0.0661,0.876,0.6653,0.0918,0.243,478,142,620,476,140,616,64,242,1035,273,0,488,373
2026-01-23,619,477,142,415,162,462,296,38,22,0,797,0.0443,0.0257,0.93,0.574,0.0568,0.3692,479,142,621,477,140,617,206,857,1035,999,0,489,386
2026-01-24,619,477,142,139,58,462,303,1,13,0,168,0.0055,0.0714,0.9231,0.25,0.1173,0.6327,479,142,621,477,140,617,35,182,1029,213,0,489,385
2026-01-25,620,478,142,233,72,464,308,6,15,0,452,0.0127,0.0317,0.9556,0.3685,0.0459,0.5855,480,142,622,478,140,618,73,473,1029,531,0,489,388
2026-01-26,621,479,142,378,107,463,306,17,14,0,600,0.0269,0.0222,0.9509,0.6511,0.0471,0.3018,481,142,623,479,140,619,114,631,1029,710,0,490,389
2026-01-27,621,479,142,206,70,462,252,29,16,0,356,0.0723,0.0399,0.8878,0.3848,0.1263,0.4889,481,142,623,479,140,619,85,401,1029,464,1,489,392
2026-01-28,621,479,142,205,76,463,257,5,33,0,466,0.0099,0.0655,0.9246,0.4157,0.0826,0.5017,481,142,623,479,140,619,118,504,1029,595,0,488,394
2026-01-29,621,479,142,351,85,464,254,15,33,0,534,0.0258,0.0567,0.9175,0.4937,0.1373,0.3689,481,142,623,479,140,619,163,582,1029,742,6,488,396
2026-01-30,621,479,142,323,90,454,221,15,9,0,438,0.0325,0.0195,0.9481,0.6397,0.0771,0.2832,481,142,623,479,140,619,57,462,1029,505,0,490,404
2026-01-31,621,479,142,138,49,456,216,2,13,0,184,0.0101,0.0653,0.9246,0.3571,0.0899,0.5529,481,142,623,479,140,619,16,199,1029,216,0,491,407
2026-02-01,621,479,142,279,28,456,211,7,2,0,209,0.0321,0.0092,0.9587,0.6108,0.0305,0.3587,481,142,623,479,140,619,42,218,1029,249,1,492,407
2026-02-02,621,479,142,308,50,447,185,9,7,0,294,0.029,0.0226,0.9484,0.4888,0.1237,0.3874,481,142,623,479,140,619,18,310,1028,328,0,491,406
2026-02-03,621,479,142,321,57,448,177,6,21,0,431,0.0131,0.0459,0.941,0.6766,0.0136,0.3098,481,142,623,479,140,619,37,458,938,588,87,491,403
2026-02-04,621,479,142,316,58,449,174,18,10,0,359,0.0465,0.0258,0.9276,0.684,0.0273,0.2888,481,142,623,479,140,619,52,387,938,426,0,490,399
2026-02-05,623,480,143,296,50,444,160,3,7,0,142,0.0197,0.0461,0.9342,0.6788,0.0703,0.2509,482,143,625,480,141,621,19,152,938,173,0,492,399
2026-02-06,623,480,143,293,38,433,132,4,12,0,149,0.0242,0.0727,0.903,0.5753,0.0933,0.3314,482,143,625,480,141,621,22,165,938,188,0,491,387
2026-02-07,623,480,143,90,30,425,122,0,6,0,89,0,0.0632,0.9368,0.3808,0.0502,0.569,482,143,625,480,141,621,20,95,938,110,0,491,387
2026-02-08,624,481,143,73,23,421,121,1,3,0,74,0.0128,0.0385,0.9487,0.2092,0.1464,0.6444,483,143,626,481,141,622,16,78,938,89,0,492,387
2026-02-09,624,481,143,271,41,425,116,4,17,0,271,0.0137,0.0582,0.9281,0.603,0.0332,0.3638,483,143,626,481,141,622,43,292,938,410,0,494,385
2026-02-10,624,481,143,141,39,415,109,9,11,0,124,0.0625,0.0764,0.8611,0.4111,0.1455,0.4434,483,143,626,481,141,622,29,144,938,200,0,494,384
2026-02-11,624,481,143,110,34,410,102,2,1,0,182,0.0108,0.0054,0.9838,0.285,0.0333,0.6817,483,143,626,481,141,622,26,185,938,213,0,495,374
2026-02-12,624,481,143,199,43,407,96,12,2,0,194,0.0577,0.0096,0.9327,0.4389,0.0909,0.4702,483,143,626,481,141,622,27,208,938,348,0,494,373
2026-02-13,624,481,143,139,31,397,96,12,1,0,97,0.1091,0.0091,0.8818,0.4127,0.1219,0.4654,483,143,626,481,141,622,19,110,938,215,0,493,372
2026-02-14,624,481,143,226,22,407,100,5,4,0,125,0.0373,0.0299,0.9328,0.6265,0.0385,0.335,483,143,626,481,141,622,12,134,501,589,431,493,372
2026-02-15,624,481,143,113,23,409,101,1,1,0,168,0.0059,0.0059,0.9882,0.3555,0.0206,0.6239,483,143,626,481,141,622,48,170,501,309,0,493,370
2026-02-16,625,481,144,333,35,410,104,11,10,0,240,0.0421,0.0383,0.9195,0.7761,0.0447,0.1793,483,144,627,481,142,623,29,261,498,392,0,490,360
2026-02-17,627,482,145,142,38,412,108,7,0,0,207,0.0327,0,0.9673,0.3718,0.0189,0.6093,484,145,629,482,143,625,35,214,498,291,0,496,320
2026-02-18,630,483,147,267,53,417,115,14,12,0,215,0.0581,0.0498,0.8921,0.5398,0.0597,0.4005,485,147,632,483,145,628,31,241,498,299,0,497,322
2026-02-19,630,483,147,248,43,425,111,11,4,0,178,0.057,0.0207,0.9223,0.5691,0.0831,0.3478,485,147,632,483,145,628,20,193,498,218,0,499,316
2026-02-20,630,483,147,166,34,429,117,7,0,0,167,0.0402,0,0.9598,0.4584,0.069,0.4726,485,147,632,483,145,628,16,174,498,190,0,494,280
2026-02-21,630,483,147,129,35,422,123,21,0,0,186,0.1014,0,0.8986,0.4168,0.0179,0.5653,485,147,632,483,145,628,20,207,498,225,0,492,280
2026-02-22,630,483,147,64,12,422,117,1,0,0,59,0.0167,0,0.9833,0.354,0.0311,0.6149,485,147,632,483,145,628,5,60,498,73,0,492,273
2026-02-23,630,483,147,83,30,406,119,7,5,0,142,0.0455,0.0325,0.9221,0.3291,0.0285,0.6424,485,147,632,483,145,628,7,154,498,166,0,489,260
2026-02-24,632,485,147,212,50,411,121,11,7,0,159,0.0621,0.0395,0.8983,0.4368,0.1794,0.3838,487,147,634,485,145,630,21,177,498,206,0,490,260
2026-02-25,632,485,147,151,48,404,124,15,12,0,224,0.0598,0.0478,0.8924,0.3629,0.131,0.5061,487,147,634,485,145,630,38,251,498,297,0,491,259
2026-02-26,632,485,147,148,41,384,120,11,11,0,157,0.0615,0.0615,0.8771,0.4034,0.1185,0.478,487,147,634,485,145,630,29,179,498,217,0,487,248
2026-02-27,632,485,147,255,38,393,114,6,2,0,145,0.0392,0.0131,0.9477,0.5014,0.1026,0.396,487,147,634,485,145,630,21,153,499,170,0,485,227
2026-02-28,632,485,147,108,31,390,107,2,1,0,87,0.0222,0.0111,0.9667,0.4625,0.0708,0.4667,487,147,634,485,145,630,15,90,499,115,0,484,222
2026-03-01,633,486,147,221,34,393,118,15,4,0,142,0.0932,0.0248,0.882,0.6086,0.0524,0.339,488,147,635,486,145,631,25,161,502,191,0,483,226
2026-03-02,634,487,147,338,47,422,126,16,10,0,198,0.0714,0.0446,0.8839,0.8285,0.0173,0.1541,489,147,636,487,145,632,31,224,502,253,0,486,230
2026-03-03,635,488,147,254,27,425,118,13,4,0,176,0.0674,0.0207,0.9119,0.689,0.0156,0.2955,490,147,637,488,145,633,24,193,502,221,0,483,224
2026-03-04,635,488,147,302,49,431,124,22,1,0,171,0.1134,0.0052,0.8814,0.7469,0.0103,0.2428,490,147,637,488,145,633,12,194,503,256,0,486,223
2026-03-05,635,488,147,290,45,438,125,23,3,1,199,0.1022,0.0133,0.8844,0.5813,0.0607,0.358,490,147,637,488,145,633,49,225,503,281,0,484,218
2026-03-06,645,489,156,122,36,443,125,15,1,0,173,0.0794,0.0053,0.9153,0.4303,0.0511,0.5187,491,156,647,489,149,638,13,189,504,218,0,489,214
2026-03-07,648,492,156,106,37,445,128,20,0,0,81,0.198,0,0.802,0.5507,0.029,0.4203,494,156,650,492,149,641,21,101,504,118,0,494,220
2026-03-08,649,493,156,146,45,447,129,30,5,0,187,0.1351,0.0225,0.8423,0.5306,0.0912,0.3782,495,156,651,493,149,642,24,222,504,232,0,494,226
2026-03-09,651,495,156,146,61,432,137,46,38,0,230,0.1465,0.121,0.7325,0.355,0.2639,0.3811,497,156,653,495,151,646,30,314,504,345,0,494,234
2026-03-10,651,495,156,124,33,428,134,15,5,0,261,0.0534,0.0178,0.9288,0.2401,0.0471,0.7128,497,156,653,495,151,646,42,281,504,314,0,498,232
2026-03-11,654,498,156,290,68,430,144,50,2,0,216,0.1866,0.0075,0.806,0.6227,0.0609,0.3164,500,156,656,498,152,650,58,268,504,313,0,504,239
2026-03-12,656,500,156,249,58,424,156,23,2,0,198,0.1031,0.009,0.8879,0.5737,0.1014,0.3249,502,156,658,500,152,652,66,223,504,267,0,509,244
2026-03-13,658,502,156,256,52,432,165,21,1,0,283,0.0689,0.0033,0.9279,0.5419,0.0183,0.4397,504,156,660,502,152,654,74,305,504,355,0,510,251
2026-03-14,659,503,156,266,35,446,167,24,0,0,132,0.1538,0,0.8462,0.7864,0.0134,0.2002,505,156,661,503,152,655,17,156,506,179,0,510,254
2026-03-15,660,504,156,295,31,449,163,28,1,0,205,0.1197,0.0043,0.8761,0.6583,0.0224,0.3193,506,156,662,504,152,656,7,234,507,257,0,509,252
2026-03-16,662,506,156,161,42,457,159,27,6,0,119,0.1776,0.0395,0.7829,0.5878,0.116,0.2962,508,156,664,506,152,658,25,152,507,192,0,511,255
2026-03-17,662,506,156,106,39,458,153,6,2,0,129,0.0438,0.0146,0.9416,0.4396,0.0661,0.4943,508,156,664,506,152,658,19,137,507,160,0,508,254
2026-03-18,664,508,156,380,54,469,142,52,17,0,205,0.1898,0.062,0.7482,0.762,0.0668,0.1712,515,156,671,508,152,660,22,274,508,336,0,513,257
2026-03-19,671,515,156,353,53,473,140,17,60,0,220,0.0572,0.202,0.7407,0.6779,0.1391,0.1829,518,156,674,515,152,667,59,297,508,360,0,520,257
2026-03-20,672,516,156,135,43,473,137,64,3,1,211,0.2302,0.0108,0.759,0.6815,0.0259,0.2926,519,156,675,516,152,668,12,278,508,295,0,521,259
2026-03-21,674,518,156,219,32,470,133,19,4,0,123,0.1301,0.0274,0.8425,0.6748,0.0959,0.2294,521,156,677,518,152,670,29,146,508,176,0,522,257
2026-03-22,675,519,156,130,43,467,134,29,24,0,124,0.1638,0.1356,0.7006,0.4646,0.2902,0.2453,522,156,678,519,152,671,29,177,508,201,0,523,260
2026-03-23,680,523,157,410,105,478,162,61,33,0,685,0.0783,0.0424,0.8793,0.6902,0.074,0.2358,525,157,682,523,153,676,69,779,508,835,0,530,278
2026-03-24,684,527,157,344,83,486,172,38,19,2,608,0.0571,0.0286,0.9143,0.5626,0.0602,0.3772,529,157,686,527,153,680,134,665,509,761,1,534,282
2026-03-25,684,527,157,365,63,489,175,42,10,0,241,0.1433,0.0341,0.8225,0.7864,0.0275,0.1861,529,157,686,527,153,680,96,293,509,379,0,534,282
2026-03-26,687,530,157,223,52,491,182,33,1,0,259,0.1126,0.0034,0.884,0.5685,0.0783,0.3533,532,157,689,530,153,683,43,293,509,342,0,537,284
2026-03-27,688,531,157,344,57,496,193,24,4,0,194,0.1081,0.018,0.8739,0.755,0.0471,0.1979,533,157,690,531,153,684,34,222,509,260,0,537,291
2026-03-28,690,533,157,153,36,502,193,31,10,0,84,0.248,0.08,0.672,0.7704,0.0503,0.1792,535,157,692,533,153,686,17,125,509,147,0,541,293
2026-03-29,692,535,157,111,26,504,188,15,0,0,81,0.1563,0,0.8438,0.6774,0.0147,0.3079,537,157,694,535,153,688,22,96,510,122,0,542,290
2026-03-30,693,536,157,121,31,493,167,3,0,0,131,0.0224,0,0.9776,0.5276,0.0446,0.4278,538,157,695,536,153,689,5,134,510,154,0,543,288
2026-03-31,600,447,153,350,38,497,157,17,0,2,138,0.1097,0,0.8903,0.8562,0.0176,0.1262,449,153,602,447,149,596,14,155,509,210,0,551,291
2026-04-01,600,447,153,330,64,489,159,29,32,0,395,0.0636,0.0702,0.8662,0.7183,0.077,0.2046,449,153,602,447,149,596,32,456,527,488,0,551,294
2026-04-02,601,448,153,284,58,484,154,15,8,0,279,0.0497,0.0265,0.9238,0.6858,0.0848,0.2294,450,153,603,448,149,597,17,302,527,339,0,555,301
2026-04-03,602,448,154,243,42,473,139,10,2,0,199,0.0474,0.0095,0.9431,0.5785,0.1065,0.315,450,154,604,448,149,597,20,211,530,282,10,556,303
2026-04-04,603,449,154,134,42,471,135,4,51,1,76,0.0305,0.3893,0.5802,0.2742,0.5372,0.1886,451,154,605,449,149,598,21,131,530,164,9,557,304
2026-04-05,579,439,140,90,23,473,129,3,1,0,100,0.0288,0.0096,0.9615,0.3581,0.1161,0.5258,442,140,582,439,138,577,23,104,530,148,0,560,303
2026-04-06,589,454,135,308,66,492,134,33,56,0,315,0.0817,0.1386,0.7797,0.4948,0.2449,0.2603,469,135,604,454,132,586,39,404,533,474,5,576,299
2026-04-07,589,455,134,281,69,428,135,37,19,0,347,0.0918,0.0471,0.861,0.6556,0.0673,0.2772,468,134,602,455,132,587,32,403,533,435,1,575,301
2026-04-08,591,457,134,310,51,421,135,25,9,11,361,0.0633,0.0228,0.9139,0.7453,0.0116,0.2431,467,134,601,457,132,589,32,395,533,468,0,575,303
2026-04-09,582,449,133,323,42,426,136,17,19,8,190,0.0752,0.0841,0.8407,0.7989,0.0667,0.1344,458,133,591,449,132,581,7,226,533,236,0,574,299
2026-04-10,583,450,133,220,27,435,137,8,7,0,124,0.0576,0.0504,0.8921,0.6511,0.1058,0.2431,458,133,591,450,132,582,7,139,534,170,290,574,293
2026-04-11,582,450,132,211,21,434,136,0,2,0,41,0,0.0465,0.9535,0.8127,0.0954,0.0919,459,132,591,450,131,581,8,43,535,72,0,572,290
2026-04-12,584,451,133,105,14,430,130,2,0,0,59,0.0328,0,0.9672,0.7021,0.0596,0.2383,460,133,593,451,131,582,4,61,535,82,0,571,285
2026-04-13,586,453,133,281,39,429,124,11,24,0,125,0.0688,0.15,0.7813,0.7556,0.069,0.1754,460,133,593,453,131,584,13,160,533,184,1,570,283
2026-04-14,585,452,133,252,60,426,117,13,21,0,201,0.0553,0.0894,0.8553,0.5797,0.1282,0.2921,459,133,592,452,132,584,15,235,533,261,0,570,279
2026-04-15,583,450,133,361,63,434,129,36,24,1,193,0.1423,0.0949,0.7628,0.8289,0.054,0.117,455,133,588,450,132,582,32,253,534,291,0,571,283
2026-04-16,588,455,133,415,113,460,173,75,13,0,427,0.1456,0.0252,0.8291,0.7941,0.0412,0.1647,455,133,588,455,132,587,69,515,535,628,2,588,303
2026-04-17,589,456,133,438,170,465,252,240,14,2,591,0.284,0.0166,0.6994,0.8774,0.0269,0.0957,457,133,590,456,132,588,65,845,536,919,2,589,351
2026-04-18,590,457,133,232,38,466,254,6,1,0,100,0.0561,0.0093,0.9346,0.7016,0.0359,0.2626,457,133,590,457,132,589,15,107,537,139,1,589,351
2026-04-19,590,457,133,127,33,466,257,10,9,0,70,0.1124,0.1011,0.7865,0.5506,0.1333,0.316,457,133,590,457,132,589,12,89,537,157,0,589,349
2026-04-20,591,457,134,392,113,468,284,154,19,4,273,0.3453,0.0426,0.6121,0.8244,0.0463,0.1293,457,134,591,457,133,590,24,446,537,540,0,590,358
2026-04-21,591,457,134,397,171,470,316,247,10,5,402,0.3748,0.0152,0.61,0.8529,0.0159,0.1312,457,134,591,457,133,590,63,659,538,701,1,588,379
2026-04-22,591,457,134,359,146,468,336,252,7,0,328,0.4293,0.0119,0.5588,0.9358,0.0069,0.0572,457,134,591,457,133,590,48,587,544,630,7,584,385
2026-04-23,591,457,134,366,102,463,333,67,5,3,329,0.1671,0.0125,0.8204,0.7826,0.0441,0.1733,457,134,591,457,133,590,43,401,545,448,1,581,382
2026-04-24,591,457,134,382,158,460,333,201,19,58,394,0.3274,0.0309,0.6417,0.8736,0.0271,0.0993,457,134,591,457,133,590,60,614,546,737,70,575,391
2026-04-25,591,457,134,209,41,458,330,13,9,1,168,0.0684,0.0474,0.8842,0.67,0.0556,0.2744,457,134,591,457,133,590,29,190,552,238,15,570,391
2026-04-26,591,457,134,138,40,456,330,6,13,0,113,0.0455,0.0985,0.8561,0.5231,0.0718,0.4051,457,134,591,457,133,590,54,132,552,171,6,567,390
2026-04-27,591,457,134,305,115,452,332,113,13,5,417,0.2081,0.0239,0.768,0.7191,0.0244,0.2565,457,134,591,457,133,590,91,543,552,665,21,562,391
2026-04-28,592,457,135,357,163,447,333,136,16,2,233,0.3532,0.0416,0.6052,0.822,0.0099,0.1681,457,135,592,457,134,591,127,385,553,512,11,506,402
2026-04-29,592,457,135,327,143,448,329,379,20,0,204,0.6285,0.0332,0.3383,0.9667,0.0016,0.0316,457,135,592,457,134,591,54,603,554,672,12,505,400
2026-04-30,592,457,135,307,84,448,331,50,9,3,352,0.1217,0.0219,0.8564,0.6876,0.0234,0.289,457,135,592,457,134,591,41,411,554,481,21,503,400
2026-05-01,592,457,135,149,36,436,298,14,24,0,91,0.1085,0.186,0.7054,0.6004,0.1252,0.2744,457,135,592,457,134,591,17,129,554,165,13,504,400
2026-05-02,592,457,135,187,25,443,297,3,0,0,33,0.0833,0,0.9167,0.8405,0.0114,0.1481,457,135,592,457,134,591,16,36,554,146,94,504,399
2026-05-03,592,457,135,128,29,442,296,9,3,1,119,0.0687,0.0229,0.9084,0.4281,0.0543,0.5176,457,135,592,457,134,591,5,131,554,152,10,502,397
2026-05-04,592,457,135,239,16,439,279,1,8,0,25,0.0294,0.2353,0.7353,0.8649,0.0344,0.1007,457,135,592,457,134,591,14,34,554,58,5,499,395
2026-05-05,592,457,135,136,26,431,205,9,9,0,50,0.1324,0.1324,0.7353,0.75,0.0473,0.2027,457,135,592,457,134,591,6,68,554,100,22,495,395
2026-05-06,592,457,135,119,27,421,129,1,11,0,88,0.01,0.11,0.88,0.5876,0.0515,0.3608,457,135,592,457,134,591,24,100,554,131,10,493,397
2026-05-07,592,457,135,342,93,422,143,55,7,2,156,0.2523,0.0321,0.7156,0.8503,0.0284,0.1213,457,135,592,457,134,591,49,218,554,285,14,487,399
2026-05-08,592,457,135,352,128,430,197,133,15,36,573,0.1845,0.0208,0.7947,0.7767,0.0256,0.1977,457,135,592,457,134,591,57,721,554,833,14,486,402
2026-05-09,592,457,135,87,35,426,197,5,31,0,88,0.0403,0.25,0.7097,0.4333,0.1185,0.4481,457,135,592,457,134,591,14,124,554,174,7,486,404
2026-05-10,592,457,135,99,37,426,199,8,8,0,117,0.0602,0.0602,0.8797,0.4104,0.0912,0.4984,457,135,592,457,134,591,27,133,554,188,27,486,403
2026-05-11,592,457,135,332,117,435,253,115,24,0,396,0.215,0.0449,0.7402,0.8212,0.0386,0.1403,457,135,592,457,134,591,95,535,553,667,19,485,404
2026-05-12,592,457,135,329,152,444,302,190,44,2,254,0.3893,0.0902,0.5205,0.8307,0.0267,0.1426,457,135,592,457,134,591,53,488,553,561,10,485,407
2026-05-13,592,457,135,331,81,447,310,99,34,0,149,0.3511,0.1206,0.5284,0.9503,0.0048,0.0449,457,135,592,457,134,591,30,282,553,357,29,482,404
2026-05-14,592,457,135,357,87,447,301,42,4,2,349,0.1063,0.0101,0.8835,0.7225,0.0299,0.2476,457,135,592,457,134,591,35,395,553,488,48,479,402
2026-05-15,592,457,135,338,121,447,301,77,33,7,402,0.1504,0.0645,0.7852,0.6984,0.1,0.2017,457,135,592,457,134,591,90,512,553,595,15,477,405
2026-05-16,592,457,135,128,35,447,300,8,19,0,127,0.0519,0.1234,0.8247,0.347,0.222,0.431,457,135,592,457,134,591,12,154,553,182,11,475,401
2026-05-17,592,457,135,113,33,446,296,3,3,0,144,0.02,0.02,0.96,0.3666,0.1348,0.4987,457,135,592,457,134,591,18,150,553,201,29,475,400
2026-05-18,592,457,135,345,168,446,313,484,61,0,292,0.5783,0.0729,0.3489,0.8474,0.053,0.0996,457,135,592,457,134,591,106,837,554,972,28,474,396
2026-05-19,592,457,135,316,137,449,324,91,34,3,214,0.2684,0.1003,0.6313,0.746,0.0436,0.2104,457,135,592,457,134,591,63,339,554,484,57,472,398
2026-05-20,592,457,135,321,64,447,323,136,27,0,226,0.3496,0.0694,0.581,0.9168,0.0158,0.0674,457,135,592,457,134,591,32,389,554,454,31,474,396
2026-05-21,592,457,135,303,45,439,315,26,1,0,102,0.2016,0.0078,0.7907,0.8224,0.0429,0.1347,457,135,592,457,134,591,19,129,555,243,90,477,394
2026-05-22,592,457,135,389,191,451,313,193,4,41,309,0.3814,0.0079,0.6107,0.8801,0.0252,0.0947,457,135,592,457,134,591,99,506,557,699,85,482,396
2026-05-23,592,457,135,135,36,454,315,4,1,0,79,0.0476,0.0119,0.9405,0.5653,0.0304,0.4043,457,135,592,457,134,591,20,84,557,160,56,482,397
2026-05-24,592,457,135,100,35,455,315,12,1,0,51,0.1875,0.0156,0.7969,0.6398,0.0427,0.3175,457,135,592,457,134,591,8,64,557,128,52,482,397
2026-05-25,593,457,136,308,93,455,300,53,11,0,332,0.1338,0.0278,0.8384,0.7184,0.044,0.2376,457,136,593,457,135,592,91,396,557,565,80,481,395
2026-05-26,594,457,137,293,61,457,251,22,11,3,175,0.1058,0.0529,0.8413,0.6324,0.0703,0.2973,457,137,594,457,136,593,58,208,558,315,31,482,392
2026-05-27,598,456,142,378,76,469,255,86,3,0,249,0.2544,0.0089,0.7367,0.9127,0.014,0.0733,456,142,598,456,141,597,42,338,558,416,24,493,393
2026-05-28,598,456,142,349,134,472,265,115,0,11,197,0.3686,0,0.6314,0.8797,0.0175,0.1027,456,142,598,456,141,597,33,312,558,484,139,491,392
2026-05-29,598,456,142,368,125,462,263,96,31,32,376,0.1909,0.0616,0.7475,0.7053,0.1189,0.1758,456,142,598,456,141,597,64,503,558,626,57,491,400
2026-05-30,598,456,142,132,33,460,261,3,1,0,81,0.0353,0.0118,0.9529,0.5349,0.0631,0.402,456,142,598,456,141,597,6,85,558,140,46,492,400
2026-05-31,600,456,144,92,31,463,264,3,0,0,125,0.0234,0,0.9766,0.3911,0.0295,0.5793,456,144,600,456,143,599,4,128,558,146,6,493,401
