frame,team,id,x,y
0,ball,0,-20.0,0.0
0,home,1,-46.07,1.79
0,home,2,-29.04,-21.92
0,home,3,-29.41,-9.68
0,home,4,-31.0,5.5
0,home,5,-33.05,20.1
0,home,6,-14.61,-20.23
0,home,7,-14.95,-5.43
0,home,8,-13.89,9.48
0,home,9,-11.95,22.0
0,home,10,7.97,-9.62
0,home,11,8.96,8.56
0,away,1,50.73,-1.47
0,away,2,33.28,-24.46
0,away,3,31.23,-10.07
0,away,4,29.55,7.5
0,away,5,29.01,23.34
0,away,6,9.88,-17.57
0,away,7,11.75,-4.85
0,away,8,13.74,7.65
0,away,9,14.9,18.79
0,away,10,-3.29,7.61
0,away,11,-4.76,-12.22
1,ball,0,-18.98,0.96
1,home,1,-45.7,1.6
1,home,2,-28.87,-22.19
1,home,3,-29.45,-9.87
1,home,4,-31.17,5.5
1,home,5,-33.21,20.29
1,home,6,-14.62,-19.96
1,home,7,-14.74,-5.23
1,home,8,-13.5,9.5
1,home,9,-11.5,21.82
1,home,10,8.34,-9.88
1,home,11,9.13,8.35
1,away,1,50.44,-1.68
1,away,2,32.85,-24.49
1,away,3,30.79,-9.9
1,away,4,29.24,7.76
1,away,5,28.92,23.56
1,away,6,9.99,-17.52
1,away,7,11.93,-5.0
1,away,8,13.85,7.39
1,away,9,14.83,18.56
1,away,10,-3.58,7.54
1,away,11,-5.2,-12.09
2,ball,0,-17.97,1.91
2,home,1,-45.35,1.39
2,home,2,-28.73,-22.45
2,home,3,-29.52,-10.04
2,home,4,-31.34,5.53
2,home,5,-33.35,20.49
2,home,6,-14.6,-19.7
2,home,7,-14.49,-5.06
2,home,8,-13.09,9.49
2,home,9,-11.05,21.63
2,home,10,8.68,-10.15
2,home,11,9.27,8.16
2,away,1,50.13,-1.87
2,away,2,32.41,-24.5
2,away,3,30.37,-9.72
2,away,4,28.96,8.03
2,away,5,28.86,23.76
2,away,6,10.11,-17.5
2,away,7,12.12,-5.17
2,away,8,13.94,7.13
2,away,9,14.73,18.35
2,away,10,-3.9,7.51
2,away,11,-5.64,-11.93
3,ball,0,-16.95,2.86
3,home,1,-45.04,1.16
3,home,2,-28.63,-22.71
3,home,3,-29.61,-10.18
3,home,4,-31.53,5.58
3,home,5,-33.47,20.71
3,home,6,-14.54,-19.44
3,home,7,-14.22,-4.9
3,home,8,-12.66,9.45
3,home,9,-10.6,21.42
3,home,10,8.99,-10.41
3,home,11,9.37,7.99
3,away,1,49.79,-2.03
3,away,2,31.96,-24.47
3,away,3,29.95,-9.52
3,away,4,28.72,8.29
3,away,5,28.84,23.94
3,away,6,10.25,-17.51
3,away,7,12.3,-5.36
3,away,8,14.01,6.86
3,away,9,14.59,18.16
3,away,10,-4.24,7.5
3,away,11,-6.09,-11.75
4,ball,0,-15.93,3.8
4,home,1,-44.75,0.92
4,home,2,-28.55,-22.96
4,home,3,-29.73,-10.3
4,home,4,-31.71,5.66
4,home,5,-33.58,20.94
4,home,6,-14.45,-19.18
4,home,7,-13.91,-4.77
4,home,8,-12.22,9.39
4,home,9,-10.17,21.19
4,home,10,9.27,-10.67
4,home,11,9.43,7.84
4,away,1,49.43,-2.17
4,away,2,31.5,-24.42
4,away,3,29.56,-9.3
4,away,4,28.51,8.55
4,away,5,28.84,24.09
4,away,6,10.41,-17.55
4,away,7,12.47,-5.57
4,away,8,14.05,6.6
4,away,9,14.41,17.99
4,away,10,-4.61,7.52
4,away,11,-6.55,-11.55
5,ball,0,-14.92,4.74
5,home,1,-44.49,0.66
5,home,2,-28.52,-23.2
5,home,3,-29.86,-10.39
5,home,4,-31.89,5.77
5,home,5,-33.65,21.19
5,home,6,-14.32,-18.93
5,home,7,-13.58,-4.66
5,home,8,-11.77,9.29
5,home,9,-9.76,20.95
5,home,10,9.52,-10.92
5,home,11,9.47,7.72
5,away,1,49.04,-2.29
5,away,2,31.05,-24.34
5,away,3,29.19,-9.06
5,away,4,28.33,8.81
5,away,5,28.88,24.23
5,away,6,10.58,-17.61
5,away,7,12.63,-5.8
5,away,8,14.06,6.34
5,away,9,14.21,17.85
5,away,10,-5.0,7.57
5,away,11,-7.0,-11.33
6,ball,0,-13.9,5.65
6,home,1,-44.27,0.4
6,home,2,-28.51,-23.43
6,home,3,-30.01,-10.45
6,home,4,-32.07,5.91
6,home,5,-33.71,21.45
6,home,6,-14.16,-18.7
6,home,7,-13.22,-4.58
6,home,8,-11.32,9.17
6,home,9,-9.36,20.7
6,home,10,9.74,-11.17
6,home,11,9.47,7.62
6,away,1,48.63,-2.39
6,away,2,30.6,-24.23
6,away,3,28.84,-8.82
6,away,4,28.19,9.06
6,away,5,28.94,24.34
6,away,6,10.76,-17.7
6,away,7,12.77,-6.04
6,away,8,14.04,6.08
6,away,9,13.97,17.72
6,away,10,-5.41,7.65
6,away,11,-7.45,-11.1
7,ball,0,-12.88,6.55
7,home,1,-44.07,0.14
7,home,2,-28.53,-23.64
7,home,3,-30.18,-10.49
7,home,4,-32.23,6.06
7,home,5,-33.73,21.71
7,home,6,-13.97,-18.48
7,home,7,-12.84,-4.53
7,home,8,-10.86,9.03
7,home,9,-8.98,20.44
7,home,10,9.93,-11.39
7,home,11,9.44,7.55
7,away,1,48.21,-2.45
7,away,2,30.15,-24.1
7,away,3,28.52,-8.56
7,away,4,28.08,9.29
7,away,5,29.03,24.42
7,away,6,10.94,-17.82
7,away,7,12.9,-6.29
7,away,8,13.99,5.84
7,away,9,13.7,17.63
7,away,10,-5.84,7.75
7,away,11,-7.89,-10.86
8,ball,0,-11.86,7.44
8,home,1,-43.92,-0.13
8,home,2,-28.58,-23.83
8,home,3,-30.35,-10.5
8,home,4,-32.38,6.24
8,home,5,-33.72,21.97
8,home,6,-13.74,-18.28
8,home,7,-12.44,-4.5
8,home,8,-10.41,8.86
8,home,9,-8.62,20.18
8,home,10,10.08,-11.61
8,home,11,9.38,7.51
8,away,1,47.77,-2.49
8,away,2,29.72,-23.94
8,away,3,28.23,-8.3
8,away,4,28.0,9.51
8,away,5,29.14,24.47
8,away,6,11.12,-17.96
8,away,7,13.0,-6.55
8,away,8,13.9,5.61
8,away,9,13.39,17.56
8,away,10,-6.28,7.88
8,away,11,-8.33,-10.6
9,ball,0,-10.85,8.3
9,home,1,-43.79,-0.39
9,home,2,-28.66,-24.0
9,home,3,-30.53,-10.48
9,home,4,-32.52,6.44
9,home,5,-33.68,22.24
9,home,6,-13.49,-18.1
9,home,7,-12.02,-4.51
9,home,8,-9.96,8.68
9,home,9,-8.3,19.91
9,home,10,10.2,-11.8
9,home,11,9.3,7.5
9,away,1,47.33,-2.5
9,away,2,29.3,-23.77
9,away,3,27.97,-8.03
9,away,4,27.96,9.72
9,away,5,29.28,24.5
9,away,6,11.3,-18.13
9,away,7,13.08,-6.81
9,away,8,13.78,5.4
9,away,9,13.07,17.51
9,away,10,-6.72,8.03
9,away,11,-8.75,-10.34
10,ball,0,-9.83,9.14
10,home,1,-43.7,-0.65
10,home,2,-28.77,-24.15
10,home,3,-30.71,-10.43
10,home,4,-32.63,6.66
10,home,5,-33.61,22.5
10,home,6,-13.2,-17.93
10,home,7,-11.58,-4.54
10,home,8,-9.53,8.47
10,home,9,-8.0,19.65
10,home,10,10.29,-11.98
10,home,11,9.19,7.52
10,away,1,46.87,-2.48
10,away,2,28.89,-23.57
10,away,3,27.74,-7.77
10,away,4,27.95,9.9
10,away,5,29.43,24.5
10,away,6,11.48,-18.32
10,away,7,13.14,-7.08
10,away,8,13.63,5.2
10,away,9,12.71,17.5
10,away,10,-7.18,8.21
10,away,11,-9.15,-10.08
11,ball,0,-8.81,9.95
11,home,1,-43.64,-0.91
11,home,2,-28.89,-24.27
11,home,3,-30.9,-10.36
11,home,4,-32.72,6.89
11,home,5,-33.51,22.76
11,home,6,-12.88,-17.8
11,home,7,-11.14,-4.6
11,home,8,-9.1,8.25
11,home,9,-7.73,19.39
11,home,10,10.34,-12.13
11,home,11,9.07,7.56
11,away,1,46.42,-2.43
11,away,2,28.51,-23.35
11,away,3,27.54,-7.51
11,away,4,27.97,10.06
11,away,5,29.59,24.46
11,away,6,11.64,-18.52
11,away,7,13.17,-7.34
11,away,8,13.44,5.03
11,away,9,12.33,17.51
11,away,10,-7.63,8.4
11,away,11,-9.53,-9.81
12,ball,0,-7.8,10.73
12,home,1,-43.62,-1.15
12,home,2,-29.03,-24.37
12,home,3,-31.08,-10.26
12,home,4,-32.79,7.13
12,home,5,-33.37,23.01
12,home,6,-12.54,-17.68
12,home,7,-10.69,-4.68
12,home,8,-8.69,8.01
12,home,9,-7.49,19.13
12,home,10,10.36,-12.25
12,home,11,8.92,7.63
12,away,1,45.97,-2.36
12,away,2,28.15,-23.12
12,away,3,27.37,-7.25
12,away,4,28.01,10.2
12,away,5,29.76,24.41
12,away,6,11.8,-18.74
12,away,7,13.16,-7.6
12,away,8,13.22,4.88
12,away,9,11.93,17.56
12,away,10,-8.08,8.61
12,away,11,-9.89,-9.55
13,ball,0,-6.78,11.49
13,home,1,-43.62,-1.38
13,home,2,-29.19,-24.44
13,home,3,-31.25,-10.13
13,home,4,-32.83,7.39
13,home,5,-33.19,23.25
13,home,6,-12.17,-17.6
13,home,7,-10.23,-4.8
13,home,8,-8.3,7.76
13,home,9,-7.28,18.89
13,home,10,10.35,-12.36
13,home,11,8.76,7.73
13,away,1,45.52,-2.26
13,away,2,27.81,-22.88
13,away,3,27.25,-7.0
13,away,4,28.09,10.31
13,away,5,29.94,24.32
13,away,6,11.93,-18.98
13,away,7,13.13,-7.86
13,away,8,12.96,4.75
13,away,9,11.52,17.63
13,away,10,-8.53,8.84
13,away,11,-10.22,-9.29
14,ball,0,-5.76,12.21
14,home,1,-43.66,-1.59
14,home,2,-29.36,-24.48
14,home,3,-31.4,-9.98
14,home,4,-32.84,7.65
14,home,5,-32.99,23.47
14,home,6,-11.78,-17.54
14,home,7,-9.78,-4.93
14,home,8,-7.93,7.5
14,home,9,-7.11,18.66
14,home,10,10.31,-12.43
14,home,11,8.59,7.85
14,away,1,45.07,-2.13
14,away,2,27.5,-22.62
14,away,3,27.15,-6.76
14,away,4,28.19,10.4
14,away,5,30.12,24.21
14,away,6,12.05,-19.23
14,away,7,13.06,-8.1
14,away,8,12.68,4.65
14,away,9,11.08,17.72
14,away,10,-8.97,9.09
14,away,11,-10.52,-9.04
15,ball,0,-4.75,12.9
15,home,1,-43.72,-1.79
15,home,2,-29.54,-24.5
15,home,3,-31.55,-9.8
15,home,4,-32.82,7.91
15,home,5,-32.75,23.68
15,home,6,-11.37,-17.51
15,home,7,-9.33,-5.09
15,home,8,-7.59,7.24
15,home,9,-6.97,18.44
15,home,10,10.24,-12.48
15,home,11,8.41,8.0
15,away,1,44.65,-1.98
15,away,2,27.22,-22.36
15,away,3,27.09,-6.54
15,away,4,28.31,10.46
15,away,5,30.31,24.07
15,away,6,12.15,-19.49
15,away,7,12.96,-8.34
15,away,8,12.37,4.57
15,away,9,10.64,17.85
15,away,10,-9.4,9.34
15,away,11,-10.8,-8.8
16,ball,0,-3.73,13.55
16,home,1,-43.81,-1.96
16,home,2,-29.72,-24.49
16,home,3,-31.68,-9.61
16,home,4,-32.77,8.18
16,home,5,-32.48,23.86
16,home,6,-10.94,-17.5
16,home,7,-8.88,-5.28
16,home,8,-7.27,6.98
16,home,9,-6.86,18.24
16,home,10,10.15,-12.5
16,home,11,8.23,8.17
16,away,1,44.23,-1.81
16,away,2,26.97,-22.1
16,away,3,27.06,-6.33
16,away,4,28.45,10.49
16,away,5,30.49,23.91
16,away,6,12.22,-19.75
16,away,7,12.83,-8.55
16,away,8,12.03,4.52
16,away,9,10.19,17.99
16,away,10,-9.81,9.6
16,away,11,-11.04,-8.57
17,ball,0,-2.71,14.16
17,home,1,-43.92,-2.12
17,home,2,-29.9,-24.45
17,home,3,-31.78,-9.4
17,home,4,-32.68,8.44
17,home,5,-32.17,24.03
17,home,6,-10.5,-17.53
17,home,7,-8.45,-5.48
17,home,8,-6.99,6.71
17,home,9,-6.79,18.06
17,home,10,10.03,-12.49
17,home,11,8.05,8.36
17,away,1,43.83,-1.61
17,away,2,26.76,-21.83
17,away,3,27.06,-6.14
17,away,4,28.6,10.5
17,away,5,30.66,23.73
17,away,6,12.26,-20.02
17,away,7,12.66,-8.75
17,away,8,11.66,4.5
17,away,9,9.74,18.16
17,away,10,-10.2,9.86
17,away,11,-11.25,-8.36
18,ball,0,-1.69,14.73
18,home,1,-44.06,-2.25
18,home,2,-30.08,-24.38
18,home,3,-31.86,-9.17
18,home,4,-32.56,8.7
18,home,5,-31.85,24.17
18,home,6,-10.06,-17.58
18,home,7,-8.03,-5.7
18,home,8,-6.73,6.45
18,home,9,-6.75,17.91
18,home,10,9.9,-12.45
18,home,11,7.87,8.57
18,away,1,43.46,-1.4
18,away,2,26.57,-21.57
18,away,3,27.09,-5.97
18,away,4,28.77,10.47
18,away,5,30.82,23.53
18,away,6,12.28,-20.28
18,away,7,12.46,-8.93
18,away,8,11.27,4.51
18,away,9,9.28,18.35
18,away,10,-10.58,10.13
18,away,11,-11.43,-8.17
19,ball,0,-0.68,15.26
19,home,1,-44.21,-2.35
19,home,2,-30.26,-24.28
19,home,3,-31.92,-8.92
19,home,4,-32.41,8.95
19,home,5,-31.49,24.29
19,home,6,-9.6,-17.66
19,home,7,-7.63,-5.93
19,home,8,-6.5,6.19
19,home,9,-6.75,17.77
19,home,10,9.75,-12.39
19,home,11,7.69,8.8
19,away,1,43.11,-1.17
19,away,2,26.42,-21.31
19,away,3,27.15,-5.83
19,away,4,28.95,10.42
19,away,5,30.97,23.31
19,away,6,12.26,-20.54
19,away,7,12.22,-9.09
19,away,8,10.87,4.54
19,away,9,8.83,18.56
19,away,10,-10.92,10.39
19,away,11,-11.58,-8.0
20,ball,0,0.34,15.75
20,home,1,-44.37,-2.43
20,home,2,-30.42,-24.16
20,home,3,-31.95,-8.67
20,home,4,-32.22,9.19
20,home,5,-31.11,24.39
20,home,6,-9.15,-17.77
20,home,7,-7.25,-6.18
20,home,8,-6.31,5.94
20,home,9,-6.77,17.66
20,home,10,9.58,-12.3
20,home,11,7.53,9.04
20,away,1,42.78,-0.93
20,away,2,26.31,-21.06
20,away,3,27.24,-5.71
20,away,4,29.13,10.34
20,away,5,31.1,23.07
20,away,6,12.21,-20.8
20,away,7,11.95,-9.22
20,away,8,10.44,4.61
20,away,9,8.39,18.79
20,away,10,-11.24,10.65
20,away,11,-11.68,-7.85
21,ball,0,1.36,16.19
21,home,1,-44.54,-2.48
21,home,2,-30.58,-24.01
21,home,3,-31.94,-8.41
21,home,4,-32.0,9.42
21,home,5,-30.71,24.45
21,home,6,-8.69,-17.9
21,home,7,-6.89,-6.44
21,home,8,-6.15,5.71
21,home,9,-6.82,17.58
21,home,10,9.41,-12.18
21,home,11,7.38,9.29
21,away,1,42.49,-0.68
21,away,2,26.23,-20.81
21,away,3,27.34,-5.62
21,away,4,29.31,10.24
21,away,5,31.2,22.83
21,away,6,12.13,-21.05
21,away,7,11.66,-9.33
21,away,8,10.01,4.7
21,away,9,7.95,19.03
21,away,10,-11.54,10.91
21,away,11,-11.76,-7.73
22,ball,0,2.37,16.58
22,home,1,-44.72,-2.5
22,home,2,-30.71,-23.84
22,home,3,-31.91,-8.15
22,home,4,-31.74,9.63
22,home,5,-30.3,24.49
22,home,6,-8.25,-18.06
22,home,7,-6.56,-6.7
22,home,8,-6.03,5.49
22,home,9,-6.9,17.53
22,home,10,9.23,-12.04
22,home,11,7.24,9.55
22,away,1,42.22,-0.42
22,away,2,26.18,-20.59
22,away,3,27.47,-5.55
22,away,4,29.49,10.11
22,away,5,31.29,22.57
22,away,6,12.02,-21.28
22,away,7,11.33,-9.41
22,away,8,9.56,4.82
22,away,9,7.53,19.28
22,away,10,-11.8,11.15
22,away,11,-11.8,-7.63
23,ball,0,3.39,16.93
23,home,1,-44.9,-2.49
23,home,2,-30.83,-23.65
23,home,3,-31.84,-7.88
23,home,4,-31.46,9.82
23,home,5,-29.86,24.5
23,home,6,-7.81,-18.23
23,home,7,-6.26,-6.96
23,home,8,-5.94,5.29
23,home,9,-7.01,17.5
23,home,10,9.04,-11.87
23,home,11,7.13,9.81
23,away,1,41.98,-0.16
23,away,2,26.16,-20.38
23,away,3,27.62,-5.51
23,away,4,29.67,9.95
23,away,5,31.35,22.31
23,away,6,11.87,-21.5
23,away,7,10.98,-9.47
23,away,8,9.11,4.96
23,away,9,7.13,19.54
23,away,10,-12.03,11.38
23,away,11,-11.82,-7.56
24,ball,0,4.41,17.23
24,home,1,-45.09,-2.46
24,home,2,-30.93,-23.45
24,home,3,-31.74,-7.62
24,home,4,-31.15,9.99
24,home,5,-29.42,24.48
24,home,6,-7.38,-18.43
24,home,7,-5.98,-7.23
24,home,8,-5.88,5.1
24,home,9,-7.13,17.5
24,home,10,8.86,-11.69
24,home,11,7.04,10.08
24,away,1,41.78,0.11
24,away,2,26.18,-20.18
24,away,3,27.78,-5.5
24,away,4,29.84,9.77
24,away,5,31.38,22.05
24,away,6,11.68,-21.71
24,away,7,10.61,-9.5
24,away,8,8.65,5.12
24,away,9,6.74,19.8
24,away,10,-12.23,11.59
24,away,11,-11.8,-7.52
25,ball,0,5.42,17.49
25,home,1,-45.27,-2.4
25,home,2,-31.0,-23.22
25,home,3,-31.61,-7.36
25,home,4,-30.81,10.14
25,home,5,-28.97,24.43
25,home,6,-6.97,-18.65
25,home,7,-5.74,-7.49
25,home,8,-5.86,4.94
25,home,9,-7.27,17.54
25,home,10,8.68,-11.48
25,home,11,6.97,10.34
25,away,1,41.61,0.37
25,away,2,26.22,-20.01
25,away,3,27.95,-5.52
25,away,4,29.99,9.58
25,away,5,31.38,21.78
25,away,6,11.47,-21.89
25,away,7,10.21,-9.5
25,away,8,8.2,5.31
25,away,9,6.38,20.07
25,away,10,-12.39,11.79
25,away,11,-11.75,-7.5
26,ball,0,6.44,17.69
26,home,1,-45.44,-2.31
26,home,2,-31.04,-22.98
26,home,3,-31.44,-7.1
26,home,4,-30.44,10.27
26,home,5,-28.52,24.36
26,home,6,-6.57,-18.88
26,home,7,-5.53,-7.75
26,home,8,-5.86,4.8
26,home,9,-7.43,17.59
26,home,10,8.51,-11.26
26,home,11,6.93,10.6
26,away,1,41.48,0.63
26,away,2,26.29,-19.86
26,away,3,28.13,-5.56
26,away,4,30.13,9.36
26,away,5,31.35,21.52
26,away,6,11.22,-22.05
26,away,7,9.8,-9.47
26,away,8,7.75,5.51
26,away,9,6.04,20.33
26,away,10,-12.52,11.96
26,away,11,-11.67,-7.51
27,ball,0,7.46,17.84
27,home,1,-45.6,-2.19
27,home,2,-31.06,-22.73
27,home,3,-31.24,-6.86
27,home,4,-30.05,10.37
27,home,5,-28.06,24.26
27,home,6,-6.2,-19.12
27,home,7,-5.35,-8.0
27,home,8,-5.9,4.69
27,home,9,-7.6,17.68
27,home,10,8.35,-11.02
27,home,11,6.92,10.86
27,away,1,41.38,0.89
27,away,2,26.39,-19.74
27,away,3,28.32,-5.64
27,away,4,30.25,9.13
27,away,5,31.29,21.26
27,away,6,10.94,-22.19
27,away,7,9.37,-9.41
27,away,8,7.31,5.74
27,away,9,5.74,20.59
27,away,10,-12.61,12.12
27,away,11,-11.57,-7.55
28,ball,0,8.47,17.94
28,home,1,-45.75,-2.05
28,home,2,-31.04,-22.47
28,home,3,-31.0,-6.63
28,home,4,-29.65,10.44
28,home,5,-27.61,24.13
28,home,6,-5.86,-19.38
28,home,7,-5.2,-8.24
28,home,8,-5.96,4.6
28,home,9,-7.78,17.79
28,home,10,8.21,-10.77
28,home,11,6.94,11.1
28,away,1,41.31,1.13
28,away,2,26.51,-19.64
28,away,3,28.5,-5.74
28,away,4,30.35,8.89
28,away,5,31.2,21.01
28,away,6,10.63,-22.31
28,away,7,8.93,-9.32
28,away,8,6.88,5.97
28,away,9,5.46,20.85
28,away,10,-12.67,12.25
28,away,11,-11.45,-7.62
29,ball,0,9.49,17.99
29,home,1,-45.88,-1.88
29,home,2,-30.99,-22.21
29,home,3,-30.73,-6.42
29,home,4,-29.22,10.48
29,home,5,-27.17,23.98
29,home,6,-5.54,-19.64
29,home,7,-5.09,-8.46
29,home,8,-6.05,4.54
29,home,9,-7.96,17.93
29,home,10,8.08,-10.51
29,home,11,7.0,11.33
29,away,1,41.28,1.36
29,away,2,26.64,-19.56
29,away,3,28.68,-5.86
29,away,4,30.43,8.63
29,away,5,31.07,20.77
29,away,6,10.29,-22.4
29,away,7,8.48,-9.21
29,away,8,6.47,6.22
29,away,9,5.21,21.09
29,away,10,-12.7,12.35
29,away,11,-11.31,-7.72
30,ball,0,10.51,17.99
30,home,1,-45.98,-1.7
30,home,2,-30.91,-21.94
30,home,3,-30.44,-6.22
30,home,4,-28.79,10.5
30,home,5,-26.73,23.81
30,home,6,-5.24,-19.9
30,home,7,-5.02,-8.67
30,home,8,-6.16,4.51
30,home,9,-8.14,18.09
30,home,10,7.98,-10.25
30,home,11,7.08,11.55
30,away,1,41.27,1.58
30,away,2,26.8,-19.52
30,away,3,28.85,-6.01
30,away,4,30.48,8.37
30,away,5,30.9,20.55
30,away,6,9.93,-22.46
30,away,7,8.02,-9.08
30,away,8,6.07,6.48
30,away,9,4.99,21.33
30,away,10,-12.7,12.43
30,away,11,-11.16,-7.84
31,ball,0,11.53,17.94
31,home,1,-46.07,-1.5
31,home,2,-30.8,-21.68
31,home,3,-30.11,-6.04
31,home,4,-28.34,10.49
31,home,5,-26.31,23.62
31,home,6,-4.98,-20.17
31,home,7,-4.98,-8.86
31,home,8,-6.3,4.5
31,home,9,-8.32,18.27
31,home,10,7.9,-9.99
31,home,11,7.2,11.75
31,away,1,41.3,1.77
31,away,2,26.96,-19.5
31,away,3,29.01,-6.18
31,away,4,30.49,8.11
31,away,5,30.71,20.34
31,away,6,9.55,-22.49
31,away,7,7.57,-8.92
31,away,8,5.69,6.74
31,away,9,4.81,21.54
31,away,10,-12.67,12.48
31,away,11,-10.99,-7.99
32,ball,0,12.54,17.84
32,home,1,-46.13,-1.27
32,home,2,-30.65,-21.42
32,home,3,-29.76,-5.89
32,home,4,-27.89,10.45
32,home,5,-25.91,23.4
32,home,6,-4.75,-20.43
32,home,7,-4.96,-9.02
32,home,8,-6.45,4.53
32,home,9,-8.5,18.47
32,home,10,7.84,-9.72
32,home,11,7.36,11.93
32,away,1,41.36,1.95
32,away,2,27.14,-19.51
32,away,3,29.16,-6.38
32,away,4,30.48,7.84
32,away,5,30.48,20.15
32,away,6,9.14,-22.5
32,away,7,7.11,-8.74
32,away,8,5.34,7.01
32,away,9,4.66,21.74
32,away,10,-12.61,12.5
32,away,11,-10.81,-8.16
33,ball,0,13.56,17.69
33,home,1,-46.16,-1.04
33,home,2,-30.46,-21.16
33,home,3,-29.39,-5.76
33,home,4,-27.43,10.38
33,home,5,-25.52,23.18
33,home,6,-4.55,-20.69
33,home,7,-4.98,-9.17
33,home,8,-6.61,4.58
33,home,9,-8.66,18.69
33,home,10,7.82,-9.46
33,home,11,7.55,12.09
33,away,1,41.44,2.11
33,away,2,27.32,-19.55
33,away,3,29.3,-6.59
33,away,4,30.44,7.58
33,away,5,30.21,19.98
33,away,6,8.72,-22.48
33,away,7,6.67,-8.54
33,away,8,5.02,7.27
33,away,9,4.55,21.92
33,away,10,-12.52,12.49
33,away,11,-10.63,-8.35
34,ball,0,14.58,17.49
34,home,1,-46.16,-0.79
34,home,2,-30.25,-20.92
34,home,3,-28.99,-5.65
34,home,4,-26.98,10.29
34,home,5,-25.16,22.93
34,home,6,-4.39,-20.94
34,home,7,-5.03,-9.29
34,home,8,-6.78,4.66
34,home,9,-8.82,18.92
34,home,10,7.82,-9.2
34,home,11,7.77,12.22
34,away,1,41.54,2.24
34,away,2,27.5,-19.62
34,away,3,29.41,-6.82
34,away,4,30.36,7.32
34,away,5,29.92,19.84
34,away,6,8.29,-22.42
34,away,7,6.23,-8.32
34,away,8,4.72,7.53
34,away,9,4.47,22.08
34,away,10,-12.42,12.46
34,away,11,-10.45,-8.55
35,ball,0,15.59,17.23
35,home,1,-46.13,-0.53
35,home,2,-30.0,-20.68
35,home,3,-28.57,-5.58
35,home,4,-26.53,10.16
35,home,5,-24.82,22.68
35,home,6,-4.26,-21.18
35,home,7,-5.11,-9.38
35,home,8,-6.96,4.76
35,home,9,-8.95,19.17
35,home,10,7.85,-8.95
35,home,11,8.02,12.33
35,away,1,41.67,2.34
35,away,2,27.69,-19.71
35,away,3,29.5,-7.06
35,away,4,30.25,7.06
35,away,5,29.6,19.71
35,away,6,7.84,-22.35
35,away,7,5.81,-8.08
35,away,8,4.46,7.79
35,away,9,4.42,22.22
35,away,10,-12.29,12.39
35,away,11,-10.27,-8.78
36,ball,0,16.61,16.93
36,home,1,-46.07,-0.27
36,home,2,-29.72,-20.46
36,home,3,-28.15,-5.52
36,home,4,-26.09,10.02
36,home,5,-24.52,22.42
36,home,6,-4.17,-21.41
36,home,7,-5.21,-9.45
36,home,8,-7.15,4.89
36,home,9,-9.07,19.43
36,home,10,7.92,-8.72
36,home,11,8.31,12.41
36,away,1,41.82,2.42
36,away,2,27.86,-19.83
36,away,3,29.56,-7.31
36,away,4,30.11,6.82
36,away,5,29.25,19.62
36,away,6,7.39,-22.24
36,away,7,5.4,-7.84
36,away,8,4.22,8.04
36,away,9,4.4,22.33
36,away,10,-12.14,12.31
36,away,11,-10.09,-9.02
37,ball,0,17.63,16.58
37,home,1,-45.98,-0.01
37,home,2,-29.41,-20.26
37,home,3,-27.7,-5.5
37,home,4,-25.66,9.85
37,home,5,-24.24,22.16
37,home,6,-4.11,-21.62
37,home,7,-5.33,-9.49
37,home,8,-7.33,5.05
37,home,9,-9.17,19.69
37,home,10,8.02,-8.5
37,home,11,8.62,12.47
37,away,1,41.97,2.47
37,away,2,28.03,-19.98
37,away,3,29.6,-7.57
37,away,4,29.93,6.6
37,away,5,28.88,19.55
37,away,6,6.94,-22.11
37,away,7,5.02,-7.58
37,away,8,4.02,8.27
37,away,9,4.42,22.41
37,away,10,-11.98,12.19
37,away,11,-9.92,-9.27
38,ball,0,18.64,16.19
38,home,1,-45.85,0.26
38,home,2,-29.07,-20.08
38,home,3,-27.26,-5.51
38,home,4,-25.24,9.66
38,home,5,-23.99,21.89
38,home,6,-4.08,-21.82
38,home,7,-5.47,-9.5
38,home,8,-7.51,5.23
38,home,9,-9.24,19.95
38,home,10,8.16,-8.29
38,home,11,8.96,12.5
38,away,1,42.14,2.5
38,away,2,28.19,-20.14
38,away,3,29.6,-7.83
38,away,4,29.72,6.38
38,away,5,28.49,19.51
38,away,6,6.48,-21.96
38,away,7,4.65,-7.32
38,away,8,3.85,8.5
38,away,9,4.46,22.47
38,away,10,-11.81,12.05
38,away,11,-9.77,-9.53
39,ball,0,19.66,15.75
39,home,1,-45.68,0.52
39,home,2,-28.71,-19.92
39,home,3,-26.8,-5.54
39,home,4,-24.85,9.45
39,home,5,-23.77,21.63
39,home,6,-4.08,-21.99
39,home,7,-5.62,-9.48
39,home,8,-7.68,5.42
39,home,9,-9.28,20.22
39,home,10,8.33,-8.11
39,home,11,9.33,12.5
39,away,1,42.32,2.49
39,away,2,28.33,-20.33
39,away,3,29.58,-8.1
39,away,4,29.48,6.19
39,away,5,28.07,19.5
39,away,6,6.03,-21.78
39,away,7,4.31,-7.06
39,away,8,3.72,8.7
39,away,9,4.53,22.5
39,away,10,-11.63,11.88
39,away,11,-9.63,-9.79
40,ball,0,20.68,15.26
40,home,1,-45.48,0.78
40,home,2,-28.33,-19.79
40,home,3,-26.35,-5.6
40,home,4,-24.47,9.23
40,home,5,-23.59,21.37
40,home,6,-4.11,-22.14
40,home,7,-5.79,-9.44
40,home,8,-7.84,5.64
40,home,9,-9.3,20.48
40,home,10,8.53,-7.95
40,home,11,9.71,12.47
40,away,1,42.51,2.46
40,away,2,28.45,-20.54
40,away,3,29.52,-8.36
40,away,4,29.2,6.02
40,away,5,27.65,19.52
40,away,6,5.59,-21.58
40,away,7,4.0,-6.79
40,away,8,3.62,8.89
40,away,9,4.63,22.5
40,away,10,-11.44,11.7
40,away,11,-9.51,-10.06
41,ball,0,21.69,14.73
41,home,1,-45.25,1.03
41,home,2,-27.92,-19.68
41,home,3,-25.89,-5.69
41,home,4,-24.12,8.99
41,home,5,-23.44,21.11
41,home,6,-4.17,-22.26
41,home,7,-5.97,-9.36
41,home,8,-7.99,5.87
41,home,9,-9.28,20.74
41,home,10,8.76,-7.81
41,home,11,10.12,12.41
41,away,1,42.69,2.4
41,away,2,28.56,-20.76
41,away,3,29.43,-8.62
41,away,4,28.9,5.87
41,away,5,27.21,19.56
41,away,6,5.16,-21.37
41,away,7,3.71,-6.53
41,away,8,3.55,9.05
41,away,9,4.75,22.47
41,away,10,-11.26,11.49
41,away,11,-9.41,-10.32
42,ball,0,22.71,14.16
42,home,1,-44.99,1.26
42,home,2,-27.5,-19.59
42,home,3,-25.45,-5.81
42,home,4,-23.8,8.74
42,home,5,-23.33,20.87
42,home,6,-4.26,-22.36
42,home,7,-6.15,-9.26
42,home,8,-8.12,6.11
42,home,9,-9.23,20.99
42,home,10,9.03,-7.69
42,home,11,10.54,12.32
42,away,1,42.87,2.31
42,away,2,28.64,-21.0
42,away,3,29.3,-8.88
42,away,4,28.56,5.74
42,away,5,26.76,19.63
42,away,6,4.74,-21.14
42,away,7,3.46,-6.27
42,away,8,3.52,9.19
42,away,9,4.88,22.41
42,away,10,-11.08,11.27
42,away,11,-9.33,-10.58
43,ball,0,23.73,13.55
43,home,1,-44.7,1.49
43,home,2,-27.07,-19.53
43,home,3,-25.01,-5.95
43,home,4,-23.5,8.48
43,home,5,-23.25,20.64
43,home,6,-4.36,-22.44
43,home,7,-6.33,-9.14
43,home,8,-8.22,6.37
43,home,9,-9.15,21.23
43,home,10,9.33,-7.6
43,home,11,10.98,12.21
43,away,1,43.04,2.2
43,away,2,28.69,-21.25
43,away,3,29.15,-9.12
43,away,4,28.2,5.64
43,away,5,26.31,19.73
43,away,6,4.34,-20.9
43,away,7,3.24,-6.02
43,away,8,3.51,9.31
43,away,9,5.04,22.33
43,away,10,-10.91,11.04
43,away,11,-9.29,-10.84
44,ball,0,24.75,12.9
44,home,1,-44.38,1.69
44,home,2,-26.62,-19.5
44,home,3,-24.59,-6.11
44,home,4,-23.23,8.22
44,home,5,-23.2,20.42
44,home,6,-4.49,-22.48
44,home,7,-6.51,-8.99
44,home,8,-8.31,6.63
44,home,9,-9.03,21.45
44,home,10,9.65,-7.54
44,home,11,11.43,12.08
44,away,1,43.21,2.06
44,away,2,28.71,-21.51
44,away,3,28.95,-9.35
44,away,4,27.82,5.57
44,away,5,25.85,19.86
44,away,6,3.96,-20.64
44,away,7,3.05,-5.78
44,away,8,3.54,9.4
44,away,9,5.2,22.22
44,away,10,-10.74,10.79
44,away,11,-9.27,-11.08
45,ball,0,25.76,12.21
45,home,1,-44.03,1.88
45,home,2,-26.17,-19.5
45,home,3,-24.18,-6.29
45,home,4,-23.0,7.95
45,home,5,-23.18,20.23
45,home,6,-4.64,-22.5
45,home,7,-6.69,-8.82
45,home,8,-8.37,6.89
45,home,9,-8.88,21.66
45,home,10,10.0,-7.51
45,home,11,11.88,11.92
45,away,1,43.36,1.9
45,away,2,28.7,-21.77
45,away,3,28.73,-9.57
45,away,4,27.42,5.52
45,away,5,25.4,20.01
45,away,6,3.61,-20.38
45,away,7,2.9,-5.55
45,away,8,3.6,9.46
45,away,9,5.38,22.08
45,away,10,-10.6,10.53
45,away,11,-9.28,-11.32
46,ball,0,26.78,11.49
46,home,1,-43.66,2.04
46,home,2,-25.72,-19.53
46,home,3,-23.79,-6.5
46,home,4,-22.8,7.69
46,home,5,-23.2,20.05
46,home,6,-4.8,-22.49
46,home,7,-6.86,-8.62
46,home,8,-8.4,7.16
46,home,9,-8.7,21.85
46,home,10,10.38,-7.5
46,home,11,12.33,11.74
46,away,1,43.49,1.71
46,away,2,28.67,-22.04
46,away,3,28.47,-9.77
46,away,4,27.0,5.5
46,away,5,24.95,20.18
46,away,6,3.28,-20.12
46,away,7,2.78,-5.35
46,away,8,3.68,9.49
46,away,9,5.56,21.92
46,away,10,-10.46,10.27
46,away,11,-9.32,-11.54
47,ball,0,27.8,10.73
47,home,1,-43.27,2.18
47,home,2,-25.26,-19.59
47,home,3,-23.43,-6.72
47,home,4,-22.63,7.43
47,home,5,-23.24,19.89
47,home,6,-4.97,-22.45
47,home,7,-7.01,-8.41
47,home,8,-8.4,7.42
47,home,9,-8.48,22.02
47,home,10,10.78,-7.52
47,home,11,12.79,11.54
47,away,1,43.61,1.51
47,away,2,28.59,-22.3
47,away,3,28.18,-9.94
47,away,4,26.57,5.51
47,away,5,24.51,20.37
47,away,6,2.98,-19.85
47,away,7,2.69,-5.16
47,away,8,3.79,9.5
47,away,9,5.74,21.74
47,away,10,-10.35,10.0
47,away,11,-9.4,-11.74
48,ball,0,28.81,9.95
48,home,1,-42.85,2.3
48,home,2,-24.81,-19.67
48,home,3,-23.09,-6.95
48,home,4,-22.5,7.17
48,home,5,-23.31,19.76
48,home,6,-5.15,-22.38
48,home,7,-7.15,-8.19
48,home,8,-8.37,7.68
48,home,9,-8.24,22.16
48,home,10,11.19,-7.57
48,home,11,13.24,11.32
48,away,1,43.7,1.29
48,away,2,28.49,-22.56
48,away,3,27.87,-10.1
48,away,4,26.13,5.55
48,away,5,24.09,20.58
48,away,6,2.71,-19.59
48,away,7,2.64,-4.99
48,away,8,3.91,9.48
48,away,9,5.93,21.54
48,away,10,-10.26,9.74
48,away,11,-9.51,-11.92
49,ball,0,29.83,9.14
49,home,1,-42.43,2.39
49,home,2,-24.37,-19.78
49,home,3,-22.78,-7.2
49,home,4,-22.4,6.93
49,home,5,-23.41,19.66
49,home,6,-5.34,-22.29
49,home,7,-7.27,-7.94
49,home,8,-8.31,7.93
49,home,9,-7.96,22.28
49,home,10,11.62,-7.65
49,home,11,13.68,11.09
49,away,1,43.77,1.06
49,away,2,28.35,-22.82
49,away,3,27.52,-10.23
49,away,4,25.67,5.61
49,away,5,23.68,20.81
49,away,6,2.47,-19.33
49,away,7,2.62,-4.84
49,away,8,4.06,9.43
49,away,9,6.1,21.33
49,away,10,-10.2,9.48
49,away,11,-9.65,-12.08
50,ball,0,30.85,8.3
50,home,1,-41.99,2.46
50,home,2,-23.94,-19.91
50,home,3,-22.49,-7.46
50,home,4,-22.33,6.69
50,home,5,-23.53,19.58
50,home,6,-5.52,-22.17
50,home,7,-7.37,-7.69
50,home,8,-8.21,8.17
50,home,9,-7.65,22.38
50,home,10,12.06,-7.76
50,home,11,14.11,10.84
50,away,1,43.81,0.81
50,away,2,28.18,-23.07
50,away,3,27.15,-10.34
50,away,4,25.22,5.71
50,away,5,23.29,21.05
50,away,6,2.26,-19.07
50,away,7,2.63,-4.72
50,away,8,4.22,9.35
50,away,9,6.27,21.09
50,away,10,-10.16,9.22
50,away,11,-9.83,-12.21
51,ball,0,31.86,7.44
51,home,1,-41.54,2.49
51,home,2,-23.52,-20.07
51,home,3,-22.24,-7.72
51,home,4,-22.3,6.47
51,home,5,-23.66,19.53
51,home,6,-5.7,-22.03
51,home,7,-7.45,-7.43
51,home,8,-8.08,8.4
51,home,9,-7.31,22.45
51,home,10,12.51,-7.89
51,home,11,14.52,10.58
51,away,1,43.82,0.55
51,away,2,27.97,-23.3
51,away,3,26.76,-10.42
51,away,4,24.77,5.83
51,away,5,22.92,21.3
51,away,6,2.09,-18.83
51,away,7,2.67,-4.62
51,away,8,4.39,9.25
51,away,9,6.43,20.85
51,away,10,-10.16,8.97
51,away,11,-10.04,-12.32
52,ball,0,32.88,6.55
52,home,1,-41.09,2.5
52,home,2,-23.12,-20.25
52,home,3,-22.02,-7.98
52,home,4,-22.29,6.27
52,home,5,-23.82,19.5
52,home,6,-5.87,-21.86
52,home,7,-7.49,-7.17
52,home,8,-7.92,8.61
52,home,9,-6.95,22.49
52,home,10,12.96,-8.04
52,home,11,14.92,10.32
52,away,1,43.8,0.29
52,away,2,27.73,-23.52
52,away,3,26.35,-10.47
52,away,4,24.32,5.97
52,away,5,22.58,21.56
52,away,6,1.95,-18.6
52,away,7,2.74,-4.55
52,away,8,4.56,9.12
52,away,9,6.57,20.59
52,away,10,-10.18,8.73
52,away,11,-10.29,-12.41
53,ball,0,33.9,5.65
53,home,1,-40.63,2.48
53,home,2,-22.74,-20.45
53,home,3,-21.83,-8.25
53,home,4,-22.32,6.09
53,home,5,-23.98,19.51
53,home,6,-6.04,-21.67
53,home,7,-7.51,-6.9
53,home,8,-7.72,8.81
53,home,9,-6.56,22.5
53,home,10,13.42,-8.22
53,home,11,15.29,10.06
53,away,1,43.75,0.02
53,away,2,27.46,-23.72
53,away,3,25.93,-10.5
53,away,4,23.87,6.14
53,away,5,22.26,21.82
53,away,6,1.85,-18.39
53,away,7,2.83,-4.51
53,away,8,4.75,8.96
53,away,9,6.69,20.33
53,away,10,-10.24,8.51
53,away,11,-10.56,-12.47
54,ball,0,34.92,4.74
54,home,1,-40.18,2.43
54,home,2,-22.39,-20.67
54,home,3,-21.68,-8.51
54,home,4,-22.38,5.93
54,home,5,-24.16,19.54
54,home,6,-6.18,-21.46
54,home,7,-7.5,-6.64
54,home,8,-7.49,8.98
54,home,9,-6.16,22.48
54,home,10,13.87,-8.42
54,home,11,15.64,9.79
54,away,1,43.66,-0.24
54,away,2,27.16,-23.91
54,away,3,25.49,-10.49
54,away,4,23.44,6.32
54,away,5,21.97,22.09
54,away,6,1.78,-18.2
54,away,7,2.95,-4.5
54,away,8,4.93,8.79
54,away,9,6.8,20.07
54,away,10,-10.33,8.31
54,away,11,-10.87,-12.5
55,ball,0,35.93,3.8
55,home,1,-39.73,2.35
55,home,2,-22.06,-20.9
55,home,3,-21.56,-8.77
55,home,4,-22.46,5.79
55,home,5,-24.34,19.6
55,home,6,-6.32,-21.24
55,home,7,-7.46,-6.38
55,home,8,-7.23,9.13
55,home,9,-5.74,22.44
55,home,10,14.32,-8.63
55,home,11,15.97,9.53
55,away,1,43.54,-0.5
55,away,2,26.83,-24.07
55,away,3,25.04,-10.46
55,away,4,23.02,6.53
55,away,5,21.71,22.35
55,away,6,1.74,-18.02
55,away,7,3.08,-4.52
55,away,8,5.11,8.59
55,away,9,6.88,19.8
55,away,10,-10.46,8.12
55,away,11,-11.2,-12.5
56,ball,0,36.95,2.86
56,home,1,-39.29,2.25
56,home,2,-21.76,-21.14
56,home,3,-21.47,-9.02
56,home,4,-22.56,5.68
56,home,5,-24.52,19.69
56,home,6,-6.43,-21.0
56,home,7,-7.38,-6.12
56,home,8,-6.94,9.26
56,home,9,-5.3,22.37
56,home,10,14.75,-8.86
56,home,11,16.26,9.27
56,away,1,43.39,-0.76
56,away,2,26.48,-24.2
56,away,3,24.59,-10.4
56,away,4,22.62,6.75
56,away,5,21.49,22.61
56,away,6,1.73,-17.87
56,away,7,3.23,-4.56
56,away,8,5.29,8.38
56,away,9,6.93,19.54
56,away,10,-10.62,7.96
56,away,11,-11.56,-12.47
57,ball,0,37.97,1.91
57,home,1,-38.87,2.12
57,home,2,-21.49,-21.4
57,home,3,-21.42,-9.26
57,home,4,-22.69,5.59
57,home,5,-24.71,19.8
57,home,6,-6.52,-20.75
57,home,7,-7.27,-5.88
57,home,8,-6.61,9.36
57,home,9,-4.86,22.27
57,home,10,15.18,-9.1
57,home,11,16.53,9.02
57,away,1,43.2,-1.01
57,away,2,26.1,-24.32
57,away,3,24.13,-10.32
57,away,4,22.24,6.99
57,away,5,21.29,22.87
57,away,6,1.75,-17.74
57,away,7,3.4,-4.63
57,away,8,5.45,8.15
57,away,9,6.95,19.28
57,away,10,-10.81,7.82
57,away,11,-11.94,-12.41
58,ball,0,38.98,0.96
58,home,1,-38.46,1.97
58,home,2,-21.25,-21.66
58,home,3,-21.4,-9.48
58,home,4,-22.84,5.54
58,home,5,-24.88,19.94
58,home,6,-6.58,-20.49
58,home,7,-7.13,-5.65
58,home,8,-6.27,9.43
58,home,9,-4.4,22.14
58,home,10,15.58,-9.36
58,home,11,16.76,8.78
58,away,1,42.98,-1.25
58,away,2,25.7,-24.4
58,away,3,23.68,-10.2
58,away,4,21.88,7.24
58,away,5,21.14,23.11
58,away,6,1.8,-17.64
58,away,7,3.57,-4.73
58,away,8,5.6,7.91
58,away,9,6.94,19.03
58,away,10,-11.04,7.7
58,away,11,-12.34,-12.33
59,ball,0,40.0,0.0
59,home,1,-38.07,1.79
59,home,2,-21.04,-21.92
59,home,3,-21.41,-9.68
59,home,4,-23.0,5.5
59,home,5,-25.05,20.1
59,home,6,-6.61,-20.23
59,home,7,-6.95,-5.43
59,home,8,-5.89,9.48
59,home,9,-3.95,22.0
59,home,10,15.97,-9.62
59,home,11,16.96,8.56
59,away,1,42.73,-1.47
59,away,2,25.28,-24.46
59,away,3,23.23,-10.07
59,away,4,21.55,7.5
59,away,5,21.01,23.34
59,away,6,1.88,-17.57
59,away,7,3.75,-4.85
59,away,8,5.74,7.65
59,away,9,6.9,18.79
59,away,10,-11.29,7.61
59,away,11,-12.76,-12.22
