役職・担当,アクティブ日数,投稿されたメッセージ数
学部 1年,73,55
学部 1年,61,24
学部 1年,47,62
学部 1年,47,31
学部 1年,45,68
学部 1年,42,51
学部 1年,192,23
学部 1年,136,57
学部 1年,118,19
学部 1年,113,42
学部 1年,113,64
学部 1年,110,22
学部 1年,106,44
学部 1年,106,77
学部 1年,105,33
学部 1年,105,60
学部 1年,102,99
学部 1年,101,121
学部 1年,100,59
学部 1年,97,43
学部 1年,94,45
学部 1年,94,35
学部 1年,94,50
学部 1年,94,186
学部 1年,94,60
学部 1年,88,34
学部 1年,84,95
学部 1年,82,29
学部 1年,81,31
学部 1年,72,33
学部 1年,70,29
学部 1年,70,102
学部 1年,70,40
学部 1年,69,55
学部 1年,69,139
学部 1年,68,37
学部 1年,65,33
学部 1年,64,60
学部 1年,64,77
学部 1年,64,53
学部 1年,64,64
学部 1年,62,31
学部 1年,58,72
学部 1年,57,234
学部 1年,54,40
学部 1年,54,136
学部 1年,53,28
学部 1年,52,72
学部 1年,51,71
学部 1年,51,43
学部 1年,50,10
学部 1年,50,124
学部 1年,50,17
学部 1年,50,35
学部 1年,50,19
学部 1年,48,10
学部 1年,47,27
学部 1年,46,35
学部 1年,44,13
学部 1年,43,31
学部 1年,42,14
学部 1年,42,15
学部 1年,42,39
学部 1年,41,44
学部 1年,40,38
学部 1年,39,25
学部 1年,39,23
学部 1年,39,29
学部 1年,38,17
学部 1年,37,19
学部 1年,36,20
学部 1年,36,41
学部 1年,36,16
学部 1年,35,23
学部 1年,35,26
学部 1年,35,16
学部 1年,34,32
学部 1年,34,29
学部 1年,33,23
学部 1年,32,18
学部 1年,32,27
学部 1年,31,46
学部 1年,30,39
学部 1年,29,13
学部 1年,29,21
学部 1年,28,34
学部 1年,28,6
学部 1年,28,5
学部 1年,24,11
学部 1年,24,11
学部 1年,23,12
学部 1年,21,7
学部 1年,21,21
学部 1年,20,9
学部 1年,5,2
学部 2年,374,2456
学部 2年,370,8194
学部 2年,361,1264
学部 2年,355,373
学部 2年,342,1175
学部 2年,333,851
学部 2年,325,2182
学部 2年,319,469
学部 2年,315,1691
学部 2年,310,236
学部 2年,307,1427
学部 2年,304,1894
学部 2年,303,708
学部 2年,301,587
学部 2年,296,4788
学部 2年,296,1213
学部 2年,295,365
学部 2年,291,40
学部 2年,288,417
学部 2年,287,344
学部 2年,286,261
学部 2年,282,282
学部 2年,282,316
学部 2年,280,891
学部 2年,278,95
学部 2年,278,93
学部 2年,277,176
学部 2年,275,161
学部 2年,272,501
学部 2年,270,671
学部 2年,268,143
学部 2年,267,74
学部 2年,267,155
学部 2年,267,233
学部 2年,266,79
学部 2年,266,71
学部 2年,263,261
学部 2年,263,50
学部 2年,262,203
学部 2年,262,291
学部 2年,261,322
学部 2年,261,185
学部 2年,261,161
学部 2年,259,17
学部 2年,257,121
学部 2年,257,430
学部 2年,253,73
学部 2年,253,125
学部 2年,253,199
学部 2年,253,267
学部 2年,251,233
学部 2年,251,342
学部 2年,250,454
学部 2年,249,135
学部 2年,246,175
学部 2年,244,78
学部 2年,243,30
学部 2年,242,64
学部 2年,242,100
学部 2年,241,34
学部 2年,239,290
学部 2年,238,77
学部 2年,236,76
学部 2年,234,901
学部 2年,233,26
学部 2年,230,108
学部 2年,229,101
学部 2年,229,45
学部 2年,228,130
学部 2年,227,119
学部 2年,224,50
学部 2年,222,46
学部 2年,220,216
学部 2年,219,60
学部 2年,217,57
学部 2年,214,154
学部 2年,214,79
学部 2年,211,99
学部 2年,209,25
学部 2年,209,73
学部 2年,209,50
学部 2年,204,202
学部 2年,202,142
学部 2年,201,60
学部 2年,200,102
学部 2年,199,73
学部 2年,198,115
学部 2年,198,23
学部 2年,197,71
学部 2年,196,63
学部 2年,195,309
学部 2年,190,116
学部 2年,185,75
学部 2年,182,182
学部 2年,179,355
学部 2年,175,93
学部 2年,175,68
学部 2年,164,79
学部 2年,162,737
学部 2年,161,150
学部 2年,158,253
学部 2年,154,26
学部 2年,151,86
学部 2年,137,35
学部 2年,133,19
学部 2年,131,50
学部 2年,97,75
学部 2年,85,54
学部 2年,13,0
学部 2年,6,0
学部 2年,0,0
学部 2年,0,0
学部 2年,0,0
学部 3年,18,56
学部 3年,388,2770
学部 3年,355,1972
学部 3年,347,537
学部 3年,332,783
学部 3年,322,296
学部 3年,321,392
学部 3年,318,373
学部 3年,311,119
学部 3年,310,543
学部 3年,310,397
学部 3年,309,1755
学部 3年,303,449
学部 3年,302,120
学部 3年,300,351
学部 3年,298,369
学部 3年,297,168
学部 3年,295,104
学部 3年,294,256
学部 3年,283,59
学部 3年,281,59
学部 3年,277,684
学部 3年,276,201
学部 3年,273,296
学部 3年,273,77
学部 3年,270,121
学部 3年,269,228
学部 3年,269,230
学部 3年,267,160
学部 3年,266,140
学部 3年,266,141
学部 3年,264,185
学部 3年,264,367
学部 3年,263,148
学部 3年,262,166
学部 3年,262,172
学部 3年,260,516
学部 3年,259,77
学部 3年,257,97
学部 3年,257,221
学部 3年,256,222
学部 3年,254,77
学部 3年,253,54
学部 3年,253,40
学部 3年,250,171
学部 3年,250,59
学部 3年,248,357
学部 3年,248,30
学部 3年,247,544
学部 3年,247,75
学部 3年,246,9
学部 3年,246,151
学部 3年,246,42
学部 3年,245,109
学部 3年,244,343
学部 3年,244,55
学部 3年,243,99
学部 3年,242,188
学部 3年,240,195
学部 3年,238,27
学部 3年,234,112
学部 3年,234,24
学部 3年,231,239
学部 3年,230,59
学部 3年,229,63
学部 3年,228,148
学部 3年,226,172
学部 3年,221,59
学部 3年,218,172
学部 3年,217,112
学部 3年,211,40
学部 3年,211,165
学部 3年,210,62
学部 3年,209,99
学部 3年,208,44
学部 3年,206,144
学部 3年,205,102
学部 3年,202,24
学部 3年,198,62
学部 3年,195,0
学部 3年,194,90
学部 3年,192,183
学部 3年,192,110
学部 3年,191,185
学部 3年,188,69
学部 3年,188,37
学部 3年,183,36
学部 3年,181,169
学部 3年,179,85
学部 3年,175,93
学部 3年,175,32
学部 3年,174,43
学部 3年,172,178
学部 3年,167,54
学部 3年,165,96
学部 3年,162,97
学部 3年,162,73
学部 3年,159,213
学部 3年,157,39
学部 3年,151,37
学部 3年,145,35
学部 3年,144,143
学部 3年,144,60
学部 3年,138,46
学部 3年,134,72
学部 3年,132,16
学部 3年,128,47
学部 3年,127,72
学部 3年,124,49
学部 3年,120,120
学部 3年,119,25
学部 3年,111,75
学部 3年,109,123
学部 3年,89,59
学部 3年,81,38
学部 3年,71,46
学部 3年,63,37
学部 3年,50,12
学部 4年,34,14
学部 4年,30,41
学部 4年,28,4
学部 4年,27,8
学部 4年,24,25
学部 4年,22,2
学部 4年,17,0
学部 4年,16,8
学部 4年,8,9
学部 4年,378,2139
学部 4年,376,1441
学部 4年,375,2447
学部 4年,368,1900
学部 4年,357,1709
学部 4年,340,823
学部 4年,332,294
学部 4年,321,665
学部 4年,319,300
学部 4年,312,436
学部 4年,303,833
学部 4年,303,466
学部 4年,301,575
学部 4年,301,80
学部 4年,300,382
学部 4年,297,462
学部 4年,295,159
学部 4年,282,186
学部 4年,274,323
学部 4年,272,145
学部 4年,270,124
学部 4年,266,211
学部 4年,262,107
学部 4年,262,104
学部 4年,258,131
学部 4年,255,394
学部 4年,254,831
学部 4年,252,345
学部 4年,252,668
学部 4年,247,207
学部 4年,245,214
学部 4年,240,42
学部 4年,240,65
学部 4年,238,426
学部 4年,238,510
学部 4年,236,187
学部 4年,236,598
学部 4年,233,254
学部 4年,231,215
学部 4年,226,113
学部 4年,226,222
学部 4年,225,28
学部 4年,225,29
学部 4年,224,224
学部 4年,222,52
学部 4年,220,117
学部 4年,217,32
学部 4年,217,119
学部 4年,216,47
学部 4年,215,16
学部 4年,215,54
学部 4年,215,105
学部 4年,213,77
学部 4年,212,109
学部 4年,210,245
学部 4年,210,92
学部 4年,208,17
学部 4年,207,47
学部 4年,207,240
学部 4年,206,42
学部 4年,205,136
学部 4年,205,48
学部 4年,204,116
学部 4年,203,75
学部 4年,197,84
学部 4年,197,9
学部 4年,197,90
学部 4年,196,3
学部 4年,195,58
学部 4年,195,190
学部 4年,193,35
学部 4年,193,196
学部 4年,192,305
学部 4年,192,174
学部 4年,191,142
学部 4年,189,69
学部 4年,188,269
学部 4年,187,78
学部 4年,187,10
学部 4年,184,269
学部 4年,184,49
学部 4年,184,157
学部 4年,182,63
学部 4年,180,14
学部 4年,178,535
学部 4年,178,141
学部 4年,177,55
学部 4年,176,160
学部 4年,175,127
学部 4年,170,305
学部 4年,170,57
学部 4年,170,137
学部 4年,170,112
学部 4年,169,94
学部 4年,169,26
学部 4年,168,55
学部 4年,168,53
学部 4年,166,89
学部 4年,163,75
学部 4年,163,13
学部 4年,161,113
学部 4年,160,61
学部 4年,160,7
学部 4年,158,6
学部 4年,157,38
学部 4年,157,121
学部 4年,154,42
学部 4年,154,243
学部 4年,151,69
学部 4年,151,28
学部 4年,150,130
学部 4年,148,33
学部 4年,147,87
学部 4年,144,28
学部 4年,144,42
学部 4年,142,59
学部 4年,141,75
学部 4年,141,11
学部 4年,139,24
学部 4年,139,5
学部 4年,139,38
学部 4年,138,58
学部 4年,136,81
学部 4年,135,45
学部 4年,134,24
学部 4年,132,36
学部 4年,131,94
学部 4年,129,17
学部 4年,126,18
学部 4年,125,101
学部 4年,125,2
学部 4年,124,33
学部 4年,124,5
学部 4年,123,20
学部 4年,119,85
学部 4年,118,105
学部 4年,118,29
学部 4年,116,44
学部 4年,112,9
学部 4年,110,3
学部 4年,109,65
学部 4年,108,74
学部 4年,108,87
学部 4年,107,52
学部 4年,105,66
学部 4年,103,53
学部 4年,102,46
学部 4年,102,30
学部 4年,101,37
学部 4年,99,24
学部 4年,98,62
学部 4年,96,1
学部 4年,94,118
学部 4年,93,38
学部 4年,87,18
学部 4年,84,39
学部 4年,82,0
学部 4年,82,104
学部 4年,79,7
学部 4年,78,31
学部 4年,77,34
学部 4年,73,32
学部 4年,72,54
学部 4年,71,10
学部 4年,69,83
学部 4年,69,42
学部 4年,68,2
学部 4年,59,43
学部 4年,58,29
学部 4年,56,42
学部 4年,55,23
学部 4年,54,12
学部 4年,39,21
学部 4年,37,1
学部 4年,32,36
学部 4年,28,5
学部 4年,28,1
学部 4年,26,1
学部 4年,20,4
学部 4年,12,9
学部 4年,4,9
学部 4年,0,0
教職員,288,640
教職員,228,659
教職員,6,6
教職員,199,120
教職員,71,0
教職員,149,14
教職員,11,0
教職員,41,0
教職員,285,311
教職員,263,315
教職員,229,845
教職員,178,719
教職員,0,0
教職員,197,593
教職員,392,7009
教職員,227,565
教職員,201,1162