timestamp,AccY
0.00,0.229
0.02,0.224
0.04,0.395
0.06,0.474
0.08,0.552
0.10,0.438
0.12,1.216
0.14,1.251
0.16,1.286
0.18,1.464
0.20,0.938
0.22,1.421
0.24,1.693
0.26,1.497
0.28,1.565
0.30,1.513
0.32,1.557
0.34,1.567
0.36,1.807
0.38,1.771
0.40,1.858
0.42,2.056
0.44,1.903
0.46,1.491
0.48,1.900
0.50,1.533
0.52,1.490
0.54,1.100
0.56,1.188
0.58,1.395
0.60,0.746
0.62,0.464
0.64,1.027
0.66,0.459
0.68,0.370
0.70,0.020
0.72,-0.158
0.74,-0.564
0.76,-0.487
0.78,-1.089
0.80,-0.545
0.82,-0.735
0.84,-1.163
0.86,-0.909
0.88,-0.927
0.90,-1.776
0.92,-1.031
0.94,-1.307
0.96,-1.545
0.98,-1.967
1.00,-1.606
1.02,-2.112
1.04,-1.218
1.06,-1.271
1.08,-2.079
1.10,-1.578
1.12,-1.625
1.14,-1.841
1.16,-1.380
1.18,-2.178
1.20,-1.590
1.22,-1.398
1.24,-1.167
1.26,-1.496
1.28,-0.899
1.30,-1.125
1.32,-0.635
1.34,-0.869
1.36,-0.230
1.38,-0.317
1.40,0.333
1.42,0.492
1.44,0.011
1.46,0.198
1.48,0.085
1.50,0.931
1.52,0.712
1.54,0.824
1.56,1.461
1.58,1.068
1.60,0.908
1.62,1.400
1.64,1.601
1.66,1.809
1.68,2.231
1.70,2.047
1.72,2.252
1.74,1.407
1.76,1.267
1.78,1.922
1.80,1.799
1.82,1.483
1.84,1.539
1.86,1.833
1.88,1.261
1.90,1.468
1.92,1.559
1.94,1.261
1.96,1.205
1.98,1.212
2.00,1.086
2.02,1.110
2.04,0.732
2.06,0.386
2.08,0.171
2.10,0.642
2.12,0.068
2.14,0.166
2.16,0.042
2.18,-0.218
2.20,-0.536
2.22,-0.883
2.24,-0.680
2.26,-0.721
2.28,-1.092
2.30,-1.455
2.32,-1.124
2.34,-1.341
2.36,-1.541
2.38,-1.627
2.40,-1.408
2.42,-1.907
2.44,-1.414
2.46,-2.077
2.48,-2.000
2.50,-1.660
2.52,-1.545
2.54,-1.360
2.56,-1.752
2.58,-1.662
2.60,-1.532
2.62,-1.570
2.64,-1.252
2.66,-1.332
2.68,-1.363
2.70,-1.486
2.72,-1.348
2.74,-0.798
2.76,-0.559
2.78,-0.560
2.80,-0.822
2.82,-0.447
2.84,0.121
2.86,-0.313
2.88,0.131
2.90,-0.226
2.92,0.018
2.94,0.826
2.96,0.800
2.98,0.576
3.00,1.049
3.02,1.021
3.04,1.070
3.06,1.325
3.08,1.914
3.10,1.644
3.12,1.385
3.14,1.927
3.16,2.140
3.18,1.199
3.20,1.515
3.22,2.058
3.24,1.664
3.26,1.871
3.28,1.494
3.30,2.002
3.32,1.556
3.34,1.302
3.36,1.616
3.38,1.103
3.40,0.517
3.42,1.539
3.44,0.749
3.46,0.789
3.48,0.792
3.50,0.751
3.52,0.358
3.54,0.209
3.56,0.277
3.58,0.083
3.60,0.046
3.62,-0.138
3.64,-0.964
3.66,-0.719
3.68,-0.946
3.70,-1.080
3.72,-1.374
3.74,-1.198
3.76,-1.077
3.78,-1.113
3.80,-1.270
3.82,-1.136
3.84,-1.706
3.86,-1.901
3.88,-1.995
3.90,-1.645
3.92,-1.694
3.94,-1.934
3.96,-1.846
3.98,-2.096
4.00,-1.899
4.02,-1.530
4.04,-1.394
4.06,-1.616
4.08,-1.067
4.10,-1.543
4.12,-0.821
4.14,-1.038
4.16,-0.711
4.18,-0.714
4.20,-0.190
4.22,-0.805
4.24,-0.497
4.26,0.027
4.28,-0.304
4.30,0.137
4.32,0.309
4.34,0.335
4.36,0.515
4.38,0.805
4.40,0.924
4.42,1.196
4.44,1.232
4.46,1.204
4.48,0.965
4.50,1.443
4.52,2.033
4.54,1.129
4.56,2.085
4.58,2.055
4.60,2.071
4.62,1.619
4.64,2.067
4.66,2.034
4.68,2.298
4.70,1.657
4.72,1.992
4.74,1.350
4.76,1.450
4.78,1.408
4.80,1.380
4.82,1.021
4.84,1.587
4.86,1.372
4.88,1.047
4.90,0.831
4.92,0.594
4.94,0.941
4.96,0.522
4.98,-0.196
5.00,-0.093
5.02,0.008
5.04,-0.825
5.06,-0.813
5.08,-1.025
5.10,-0.872
5.12,-0.638
5.14,-1.244
5.16,-1.631
5.18,-1.461
5.20,-1.324
5.22,-1.316
5.24,-1.970
5.26,-1.514
5.28,-1.862
5.30,-1.480
5.32,-1.256
5.34,-1.733
5.36,-1.894
5.38,-2.082
5.40,-1.476
5.42,-1.818
5.44,-1.470
5.46,-1.566
5.48,-1.404
5.50,-1.604
5.52,-0.879
5.54,-1.372
5.56,-0.621
5.58,-0.787
5.60,-0.558
5.62,-0.539
5.64,-0.699
5.66,-0.479
5.68,0.041
5.70,0.080
5.72,0.132
5.74,0.256
5.76,0.595
5.78,0.606
5.80,0.916
5.82,0.952
5.84,0.516
5.86,1.397
5.88,1.142
5.90,1.745
5.92,1.158
5.94,1.290
5.96,1.562
5.98,1.845
6.00,1.447
6.02,1.959
6.04,1.711
6.06,1.725
6.08,1.677
6.10,1.670
6.12,1.651
6.14,1.956
6.16,1.710
6.18,1.726
6.20,1.161
6.22,0.886
6.24,1.707
6.26,1.738
6.28,1.326
6.30,1.126
6.32,0.516
6.34,0.833
6.36,0.328
6.38,0.720
6.40,0.150
6.42,0.045
6.44,-0.220
6.46,-0.497
6.48,-0.408
6.50,-0.775
6.52,-0.732
6.54,-0.701
6.56,-1.216
6.58,-0.907
6.60,-1.162
6.62,-1.456
6.64,-0.877
6.66,-1.543
6.68,-1.876
6.70,-1.124
6.72,-1.787
6.74,-1.405
6.76,-1.307
6.78,-2.170
6.80,-2.007
6.82,-2.024
6.84,-1.436
6.86,-1.742
6.88,-1.579
6.90,-1.689
6.92,-1.699
6.94,-1.739
6.96,-1.627
6.98,-1.265
7.00,-1.246
7.02,-1.224
7.04,-1.067
7.06,-0.739
7.08,-0.229
7.10,-0.239
7.12,0.200
7.14,0.265
7.16,-0.100
7.18,-0.081
7.20,0.134
7.22,0.719
7.24,0.497
7.26,0.670
7.28,0.950
7.30,1.565
7.32,1.001
7.34,0.870
7.36,1.506
7.38,1.624
7.40,1.811
7.42,1.648
7.44,1.907
7.46,2.323
7.48,1.703
7.50,1.895
7.52,1.859
7.54,2.028
7.56,2.178
7.58,1.712
7.60,1.518
7.62,1.598
7.64,1.300
7.66,1.181
7.68,1.333
7.70,1.395
7.72,0.930
7.74,1.084
7.76,0.529
7.78,0.606
7.80,0.628
7.82,0.350
7.84,0.340
7.86,-0.154
7.88,-0.021
7.90,0.098
7.92,-0.435
7.94,-0.455
7.96,-1.172
7.98,-1.341
8.00,2.584
8.02,2.783
8.04,3.301
8.06,3.427
8.08,4.128
8.10,4.686
8.12,4.723
8.14,4.862
8.16,5.148
8.18,6.106
8.20,4.511
8.22,4.956
8.24,4.139
8.26,3.751
8.28,3.512
8.30,3.329
8.32,2.817
8.34,2.398
8.36,2.661
8.38,2.275
8.40,2.174
8.42,2.455
8.44,2.736
8.46,2.750
8.48,3.398
8.50,2.994
8.52,2.822
8.54,3.039
8.56,2.961
8.58,2.692
8.60,2.102
8.62,1.720
8.64,1.949
8.66,0.438
8.68,0.210
8.70,-0.740
8.72,-0.592
8.74,-0.575
8.76,-0.752
8.78,-1.389
8.80,-1.055
8.82,-1.946
8.84,-1.358
8.86,-0.388
8.88,-1.090
8.90,-0.247
8.92,-1.272
8.94,-0.852
8.96,-0.446
8.98,-1.704
9.00,-2.052
9.02,-1.659
9.04,-2.425
9.06,-2.121
9.08,-3.924
9.10,-4.872
9.12,-4.125
9.14,-4.310
9.16,-4.477
9.18,-4.691
9.20,-3.525
9.22,-3.705
9.24,-3.553
9.26,-3.310
9.28,-3.282
9.30,-2.285
9.32,-2.933
9.34,-2.775
9.36,-3.135
9.38,-3.394
9.40,-2.885
9.42,-4.135
9.44,-4.957
9.46,-4.585
9.48,-4.744
9.50,-5.159
9.52,-4.950
9.54,-4.485
9.56,-4.698
9.58,-4.201
9.60,-3.907
9.62,-3.415
9.64,-2.916
9.66,-2.083
9.68,-1.720
9.70,-1.598
9.72,-1.428
9.74,-0.748
9.76,-0.832
9.78,-1.493
9.80,-1.318
9.82,-2.493
9.84,-2.498
9.86,-2.456
9.88,-2.265
9.90,-1.991
9.92,-1.819
9.94,-1.949
9.96,-1.286
9.98,-0.887
10.00,0.284
10.02,0.718
10.04,1.470
10.06,1.612
10.08,1.783
10.10,1.559
10.12,2.514
10.14,2.195
10.16,2.354
10.18,1.595
10.20,1.961
10.22,2.025
10.24,1.157
10.26,1.751
10.28,1.454
10.30,1.407
10.32,1.593
10.34,2.689
10.36,2.514
10.38,2.755
10.40,4.505
10.42,4.307
10.44,4.547
10.46,4.363
10.48,4.785
10.50,5.021
10.52,4.742
10.54,5.027
10.56,4.619
10.58,4.135
10.60,3.575
10.62,2.732
10.64,3.187
10.66,3.054
10.68,3.073
10.70,2.916
10.72,2.766
10.74,3.604
10.76,2.851
10.78,3.672
10.80,4.241
10.82,4.363
10.84,4.753
10.86,4.214
10.88,4.090
10.90,3.806
10.92,3.520
10.94,2.649
10.96,2.534
10.98,2.235
11.00,1.710
11.02,1.469
11.04,0.875
11.06,1.138
11.08,0.076
11.10,0.241
11.12,0.782
11.14,1.693
11.16,0.466
11.18,1.244
11.20,1.451
11.22,0.906
11.24,0.572
11.26,1.674
11.28,1.139
11.30,0.336
11.32,0.082
11.34,-0.826
11.36,-1.489
11.38,-2.058
11.40,-2.703
11.42,-3.118
11.44,-3.144
11.46,-2.826
11.48,-3.291
11.50,-2.856
11.52,-3.067
11.54,-2.559
11.56,-2.510
11.58,-2.580
11.60,-1.564
11.62,-1.666
11.64,-1.518
11.66,-2.161
11.68,-2.735
11.70,-3.518
11.72,-3.451
11.74,-3.460
11.76,-4.358
11.78,-5.128
11.80,-5.416
11.82,-6.047
11.84,-4.805
11.86,-4.588
11.88,-4.831
11.90,-4.215
11.92,-4.109
11.94,-3.934
11.96,-3.404
11.98,-3.380
12.00,-2.377
12.02,-3.096
12.04,-2.050
12.06,-2.424
12.08,-3.485
12.10,-2.839
12.12,-3.083
12.14,-3.447
12.16,-4.001
12.18,-4.004
12.20,-3.495
12.22,-3.889
12.24,-3.633
12.26,-3.301
12.28,-2.799
12.30,-2.260
12.32,-1.850
12.34,-1.001
12.36,-0.383
12.38,0.052
12.40,0.173
12.42,0.447
12.44,0.111
12.46,0.134
12.48,0.113
12.50,-0.730
12.52,-0.319
12.54,-0.227
12.56,-0.370
12.58,-0.630
12.60,-0.580
12.62,0.029
12.64,0.363
12.66,1.169
12.68,1.101
12.70,2.226
12.72,2.444
12.74,3.308
12.76,3.844
12.78,3.321
12.80,3.780
12.82,4.036
12.84,4.212
12.86,3.655
12.88,2.859
12.90,3.541
12.92,3.122
12.94,2.385
12.96,2.572
12.98,2.623
13.00,2.772
13.02,2.548
13.04,3.118
13.06,3.627
13.08,4.322
13.10,4.105
13.12,4.606
13.14,5.036
13.16,5.166
13.18,5.124
13.20,4.989
13.22,4.484
13.24,4.367
13.26,3.899
13.28,3.577
13.30,2.553
13.32,2.948
13.34,1.804
13.36,1.384
13.38,2.176
13.40,2.475
13.42,2.416
13.44,1.986
13.46,2.790
13.48,3.255
13.50,3.383
13.52,2.881
13.54,2.631
13.56,3.281
13.58,2.787
13.60,2.135
13.62,1.715
13.64,1.621
13.66,0.871
13.68,0.367
13.70,-0.541
13.72,-0.349
13.74,-1.158
13.76,-1.255
13.78,-0.803
13.80,-1.084
13.82,-1.546
13.84,-1.475
13.86,-0.708
13.88,-0.316
13.90,-1.685
13.92,-0.820
13.94,-0.730
13.96,-0.559
13.98,-1.004
14.00,-2.415
14.02,-2.118
14.04,-2.860
14.06,-1.964
14.08,-3.797
14.10,-3.704
14.12,-4.031
14.14,-4.306
14.16,-5.076
14.18,-4.310
14.20,-4.973
14.22,-4.058
14.24,-3.627
14.26,-3.785
14.28,-3.543
14.30,-2.673
14.32,-2.848
14.34,-2.807
14.36,-3.397
14.38,-3.798
14.40,-3.891
14.42,-3.515
14.44,-4.237
14.46,-4.946
14.48,-3.876
14.50,-4.939
14.52,-4.757
14.54,-5.217
14.56,-4.647
14.58,-4.026
14.60,-4.080
14.62,-2.722
14.64,-2.101
14.66,-2.042
14.68,-1.369
14.70,-2.021
14.72,-1.790
14.74,-1.749
14.76,-1.530
14.78,-1.182
14.80,-2.295
14.82,-1.542
14.84,-1.881
14.86,-2.146
14.88,-2.533
14.90,-2.208
14.92,-1.971
14.94,-2.414
14.96,-1.072
14.98,-0.830
15.00,-0.495
15.02,0.660
15.04,1.262
15.06,1.937
15.08,2.177
15.10,2.314
15.12,2.135
15.14,1.967
15.16,1.555
15.18,1.882
15.20,1.361
15.22,2.243
15.24,1.225
15.26,1.568
15.28,2.167
15.30,1.526
15.32,1.820
15.34,1.962
15.36,2.453
15.38,3.428
15.40,3.845
15.42,3.459
15.44,4.323
15.46,5.348
15.48,4.324
15.50,4.619
15.52,4.561
15.54,5.052
15.56,4.851
15.58,4.353
15.60,3.740
15.62,3.138
15.64,2.485
15.66,2.305
15.68,2.170
15.70,2.757
15.72,3.344
15.74,3.288
15.76,3.835
15.78,3.870
15.80,4.329
15.82,4.477
15.84,4.000
15.86,5.070
15.88,4.176
15.90,4.364
15.92,4.080
15.94,3.798
15.96,2.320
15.98,1.569
16.00,2.235
16.02,1.502
16.04,1.029
16.06,0.770
16.08,0.662
16.10,-0.223
16.12,0.130
16.14,0.775
16.16,1.266
16.18,0.671
16.20,0.860
16.22,1.471
16.24,1.346
16.26,0.962
16.28,0.553
16.30,-0.657
16.32,0.459
16.34,-0.994
16.36,-1.298
16.38,-1.601
16.40,-1.747
16.42,-2.279
16.44,-3.277
16.46,-3.580
16.48,-2.366
16.50,-3.549
16.52,-2.741
16.54,-2.628
16.56,-2.367
16.58,-2.023
16.60,-2.334
16.62,-2.245
16.64,-2.106
16.66,-1.744
16.68,-2.601
16.70,-2.942
16.72,-2.921
16.74,-4.691
16.76,-4.489
16.78,-5.323
16.80,-4.927
16.82,-4.950
16.84,-5.437
16.86,-5.118
16.88,-4.632
16.90,-4.440
16.92,-4.704
16.94,-3.903
16.96,-3.207
16.98,-2.968
17.00,-2.606
17.02,-2.347
17.04,-2.544
17.06,-2.669
17.08,-2.166
17.10,-2.280
17.12,-3.333
17.14,-4.141
17.16,-3.737
17.18,-3.941
17.20,-3.847
17.22,-3.572
17.24,-3.581
17.26,-3.140
17.28,-2.177
17.30,-1.737
17.32,-1.379
17.34,-0.488
17.36,-0.747
17.38,0.063
17.40,0.563
17.42,0.433
17.44,0.468
17.46,0.167
17.48,0.273
17.50,0.023
17.52,-0.195
17.54,-0.115
17.56,-0.654
17.58,-0.429
17.60,-0.074
17.62,0.073
17.64,0.085
17.66,0.668
17.68,1.496
17.70,1.996
17.72,2.837
17.74,3.253
17.76,3.687
17.78,3.597
17.80,4.349
17.82,4.316
17.84,3.453
17.86,3.330
17.88,2.815
17.90,3.194
17.92,2.399
17.94,3.046
17.96,2.435
17.98,2.427
18.00,-1.543
18.02,-1.382
18.04,-0.797
18.06,-1.832
18.08,-1.913
18.10,-1.444
18.12,-1.914
18.14,-0.965
18.16,0.041
18.18,-0.953
18.20,-0.152
18.22,-0.836
18.24,1.161
18.26,1.301
18.28,1.482
18.30,1.679
18.32,1.938
18.34,1.370
18.36,1.286
18.38,2.146
18.40,1.201
18.42,3.298
18.44,2.257
18.46,1.074
18.48,1.501
18.50,1.395
18.52,1.899
18.54,2.119
18.56,0.558
18.58,-0.159
18.60,-0.018
18.62,1.195
18.64,0.746
18.66,0.337
18.68,-1.639
18.70,-0.937
18.72,-1.417
18.74,-1.199
18.76,-3.533
18.78,0.230
18.80,-1.482
18.82,-3.124
18.84,-3.142
18.86,-1.921
18.88,-2.916
18.90,-0.874
18.92,-1.908
18.94,-3.478
18.96,-2.351
18.98,-1.837
19.00,-0.905
19.02,-1.261
19.04,-1.356
19.06,-0.908
19.08,1.391
19.10,1.064
19.12,1.064
19.14,0.822
19.16,1.443
19.18,0.005
19.20,-0.819
19.22,2.062
19.24,2.468
19.26,-0.282
19.28,2.403
19.30,1.540
19.32,2.363
19.34,0.719
19.36,2.746
19.38,2.411
19.40,2.297
19.42,0.565
19.44,-0.357
19.46,2.210
19.48,1.067
19.50,1.322
19.52,0.308
19.54,-0.113
19.56,2.148
19.58,0.760
19.60,-0.265
19.62,-0.742
19.64,-0.445
19.66,-1.570
19.68,-2.256
19.70,-2.157
19.72,-3.912
19.74,-2.016
19.76,-1.463
19.78,-1.129
19.80,-1.624
19.82,-1.150
19.84,-1.455
19.86,-1.146
19.88,-0.752
19.90,-1.844
19.92,-2.402
19.94,-0.700
19.96,0.062
19.98,0.895
20.00,0.149
20.02,-5.516
20.04,5.693
20.06,-6.159
20.08,-5.051
20.10,-3.471
20.12,-4.504
20.14,4.919
20.16,-5.667
20.18,-3.924
20.20,6.591
20.22,8.409
20.24,-2.773
20.26,-3.591
20.28,5.856
20.30,7.281
20.32,6.585
20.34,-4.830
20.36,-6.318
20.38,7.293
20.40,6.570
20.42,6.239
20.44,-6.268
20.46,6.499
20.48,5.600
20.50,5.517
20.52,4.905
20.54,-5.553
20.56,5.472
20.58,-7.500
20.60,3.631
20.62,-8.467
20.64,-7.471
20.66,-9.500
20.68,-5.469
20.70,5.371
20.72,3.277
20.74,-9.500
20.76,4.952
20.78,-7.572
20.80,6.421
20.82,5.264
20.84,3.625
20.86,6.179
20.88,-6.617
20.90,-6.571
20.92,7.664
20.94,-6.295
20.96,8.088
20.98,-5.115
21.00,7.926
21.02,-4.622
21.04,7.792
21.06,8.166
21.08,7.736
21.10,-2.491
21.12,-3.237
21.14,-3.072
21.16,7.921
21.18,-6.067
21.20,9.150
21.22,-4.525
21.24,7.435
21.26,6.602
21.28,-3.205
21.30,5.303
21.32,-4.505
21.34,5.512
21.36,4.790
21.38,5.916
21.40,5.516
21.42,4.576
21.44,5.373
21.46,3.096
21.48,3.534
21.50,5.825
21.52,-7.662
21.54,-6.849
21.56,-6.093
21.58,4.997
21.60,-9.244
21.62,-8.382
21.64,2.773
21.66,-7.036
21.68,3.646
21.70,-6.698
21.72,-8.094
21.74,6.050
21.76,-6.999
21.78,-5.366
21.80,-5.106
21.82,4.684
21.84,7.173
21.86,-5.190
21.88,-3.705
21.90,6.703
21.92,-5.833
21.94,-5.353
21.96,7.608
21.98,9.270
22.00,3.027
22.02,1.875
22.04,2.707
22.06,2.830
22.08,2.211
22.10,2.741
22.12,1.217
22.14,3.148
22.16,1.796
22.18,2.487
22.20,2.021
22.22,0.557
22.24,0.167
22.26,-2.135
22.28,-0.493
22.30,-0.467
22.32,-0.406
22.34,0.756
22.36,-0.851
22.38,-1.289
22.40,-1.258
22.42,-1.046
22.44,-1.691
22.46,-2.110
22.48,-1.378
22.50,-2.266
22.52,-0.335
22.54,-1.850
22.56,-2.476
22.58,-3.000
22.60,-0.076
22.62,-1.630
22.64,-1.769
22.66,-1.811
22.68,-0.649
22.70,-1.209
22.72,0.752
22.74,0.464
22.76,0.623
22.78,0.566
22.80,0.218
22.82,0.985
22.84,1.543
22.86,0.735
22.88,0.971
22.90,3.472
22.92,1.848
22.94,1.502
22.96,1.396
22.98,2.687
23.00,1.745
23.02,1.669
23.04,1.391
23.06,2.224
23.08,1.979
23.10,0.491
23.12,0.027
23.14,1.077
23.16,-0.181
23.18,0.270
23.20,0.789
23.22,-0.822
23.24,0.002
23.26,-0.121
23.28,-1.735
23.30,-1.858
23.32,-2.396
23.34,-1.690
23.36,-2.938
23.38,-1.726
23.40,-3.822
23.42,-2.513
23.44,-1.476
23.46,-2.849
23.48,-1.027
23.50,-2.155
23.52,-2.250
23.54,-0.819
23.56,-2.159
23.58,-1.576
23.60,-1.028
23.62,-0.158
23.64,-1.368
23.66,2.296
23.68,0.378
23.70,0.899
23.72,0.483
23.74,1.597
23.76,1.810
23.78,1.969
23.80,1.116
23.82,0.890
23.84,1.183
23.86,2.463
23.88,2.878
23.90,1.324
23.92,2.219
23.94,2.924
23.96,2.805
23.98,1.259
24.00,1.548
24.02,1.172
24.04,0.579
24.06,0.036
24.08,0.018
24.10,0.163
24.12,-1.231
24.14,-0.022
24.16,-0.183
24.18,-0.439
24.20,-1.310
24.22,-2.518
24.24,-0.369
24.26,-0.505
24.28,-2.069
24.30,-2.981
24.32,-2.696
24.34,-1.769
24.36,-1.435
24.38,-3.482
24.40,-0.691
24.42,-0.289
24.44,-1.721
24.46,-0.441
24.48,-0.758
24.50,-0.076
24.52,-0.613
24.54,-0.308
24.56,1.026
24.58,1.262
24.60,0.620
24.62,0.644
24.64,-0.226
24.66,0.684
24.68,0.901
24.70,0.568
24.72,0.567
24.74,2.814
24.76,0.679
24.78,0.188
24.80,1.352
24.82,1.348
24.84,3.015
24.86,2.201
24.88,1.729
24.90,0.460
24.92,1.686
24.94,2.169
24.96,0.597
24.98,0.094
25.00,0.199
25.02,-6.501
25.04,6.011
25.06,5.989
25.08,5.568
25.10,4.169
25.12,3.269
25.14,2.868
25.16,-8.056
25.18,-8.123
25.20,-8.106
25.22,3.853
25.24,4.250
25.26,-8.519
25.28,4.281
25.30,3.430
25.32,-7.780
25.34,-7.892
25.36,4.562
25.38,4.739
25.40,7.222
25.42,-5.815
25.44,-5.751
25.46,6.407
25.48,4.181
25.50,-6.254
25.52,-3.978
25.54,-5.861
25.56,7.620
25.58,7.748
25.60,-4.725
25.62,8.306
25.64,8.381
25.66,-4.827
25.68,-3.643
25.70,-4.568
25.72,-5.612
25.74,8.863
25.76,-4.619
25.78,-4.261
25.80,7.287
25.82,-3.790
25.84,-5.308
25.86,-6.188
25.88,5.394
25.90,4.372
25.92,-7.736
25.94,4.876
25.96,-7.331
25.98,-7.144
26.00,-7.785
26.02,-6.169
26.04,3.613
26.06,4.039
26.08,4.124
26.10,-8.485
26.12,-8.989
26.14,2.975
26.16,-9.500
26.18,-7.162
26.20,-1.474
26.22,-1.205
26.24,-1.689
26.26,-1.735
26.28,-3.080
26.30,-1.479
26.32,0.223
26.34,-1.196
26.36,-0.876
26.38,1.649
26.40,1.122
26.42,-0.052
26.44,2.224
26.46,2.538
26.48,2.151
26.50,1.355
26.52,2.828
26.54,2.049
26.56,1.267
26.58,1.288
26.60,1.769
26.62,3.208
26.64,1.437
26.66,1.714
26.68,0.975
26.70,0.446
26.72,0.295
26.74,0.130
26.76,0.179
26.78,1.779
26.80,0.771
26.82,-0.043
26.84,0.112
26.86,0.681
26.88,-1.047
26.90,-1.203
26.92,-1.473
26.94,-2.351
26.96,-1.664
26.98,-3.589
27.00,-2.285
27.02,-3.444
27.04,-2.972
27.06,-1.549
27.08,-2.085
27.10,-2.626
27.12,-0.703
27.14,-2.778
27.16,-0.532
27.18,-1.707
27.20,0.303
27.22,-0.141
27.24,-2.509
27.26,-1.210
27.28,-0.317
27.30,-0.567
27.32,1.307
27.34,0.834
27.36,0.871
27.38,2.196
27.40,2.306
27.42,1.161
27.44,1.752
27.46,1.245
27.48,1.518
27.50,1.957
27.52,1.271
27.54,2.513
27.56,2.116
27.58,1.951
27.60,1.905
27.62,2.083
27.64,0.965
27.66,0.177
27.68,-0.362
27.70,0.265
27.72,-1.004
27.74,0.442
27.76,0.333
27.78,0.401
27.80,-1.354
27.82,-0.277
27.84,-1.324
27.86,-0.591
27.88,-2.555
27.90,0.363
27.92,-3.184
27.94,-3.735
27.96,-2.620
27.98,-3.031
28.00,0.053
28.02,-0.104
28.04,0.036
28.06,0.532
28.08,0.222
28.10,0.337
28.12,0.455
28.14,0.627
28.16,1.001
28.18,0.462
28.20,1.083
28.22,1.059
28.24,1.061
28.26,1.092
28.28,1.292
28.30,1.345
28.32,1.375
28.34,1.358
28.36,1.583
28.38,1.493
28.40,1.596
28.42,1.633
28.44,1.785
28.46,1.952
28.48,2.279
28.50,2.057
28.52,2.077
28.54,1.990
28.56,2.336
28.58,2.134
28.60,2.347
28.62,2.193
28.64,2.483
28.66,2.468
28.68,2.486
28.70,2.639
28.72,2.550
28.74,2.555
28.76,2.413
28.78,2.870
28.80,2.839
28.82,2.411
28.84,2.805
28.86,2.900
28.88,2.617
28.90,2.687
28.92,2.491
28.94,2.700
28.96,3.216
28.98,2.523
29.00,2.617
29.02,2.840
29.04,2.615
29.06,2.412
29.08,2.749
29.10,2.663
29.12,2.728
29.14,2.677
29.16,2.683
29.18,2.619
29.20,2.494
29.22,2.182
29.24,2.368
29.26,2.471
29.28,2.307
29.30,2.354
29.32,2.504
29.34,2.166
29.36,2.072
29.38,2.275
29.40,2.100
29.42,2.341
29.44,1.822
29.46,1.997
29.48,1.585
29.50,1.646
29.52,1.759
29.54,1.663
29.56,1.702
29.58,1.547
29.60,1.094
29.62,1.513
29.64,1.267
29.66,1.809
29.68,1.415
29.70,1.167
29.72,0.799
29.74,0.769
29.76,1.310
29.78,0.752
29.80,0.851
29.82,0.667
29.84,0.563
29.86,0.221
29.88,0.368
29.90,0.245
29.92,0.283
29.94,0.475
29.96,0.515
29.98,-0.051
30.00,0.254
30.02,-0.058
30.04,-0.153
30.06,-0.206
30.08,-0.380
30.10,-0.522
30.12,-0.537
30.14,-0.590
30.16,-0.631
30.18,-0.514
30.20,-1.015
30.22,-0.886
30.24,-0.881
30.26,-1.196
30.28,-0.722
30.30,-1.152
30.32,-1.080
30.34,-1.075
30.36,-1.366
30.38,-1.265
30.40,-1.478
30.42,-1.657
30.44,-1.468
30.46,-1.586
30.48,-1.998
30.50,-1.592
30.52,-1.518
30.54,-1.802
30.56,-1.957
30.58,-2.008
30.60,-2.256
30.62,-2.009
30.64,-2.113
30.66,-2.067
30.68,-2.204
30.70,-2.113
30.72,-2.086
30.74,-2.204
30.76,-2.056
30.78,-2.402
30.80,-2.246
30.82,-1.987
30.84,-1.755
30.86,-2.422
30.88,-2.117
30.90,-2.163
30.92,-2.401
30.94,-2.122
30.96,-2.215
30.98,-2.234
31.00,-2.271
31.02,-2.257
31.04,-2.364
31.06,-2.309
31.08,-2.474
31.10,-2.066
31.12,-2.582
31.14,-2.126
31.16,-2.013
31.18,-2.160
31.20,-2.268
31.22,-1.974
31.24,-1.979
31.26,-2.195
31.28,-2.217
31.30,-1.914
31.32,-1.981
31.34,-1.795
31.36,-2.374
31.38,-1.896
31.40,-1.767
31.42,-1.664
31.44,-1.697
31.46,-1.607
31.48,-1.518
31.50,-1.662
31.52,-1.426
31.54,-1.179
31.56,-1.437
31.58,-1.262
31.60,-1.277
31.62,-1.171
31.64,-1.101
31.66,-1.106
31.68,-1.130
31.70,-0.967
31.72,-0.822
31.74,-1.065
31.76,-0.865
31.78,-0.512
31.80,-0.377
31.82,-0.617
31.84,-0.352
31.86,-0.598
31.88,-0.334
31.90,-0.239
31.92,-0.569
31.94,-0.164
31.96,-0.115
31.98,-0.032
32.00,-0.183
32.02,-0.199
32.04,0.127
32.06,0.137
32.08,0.238
32.10,0.325
32.12,0.329
32.14,0.628
32.16,0.460
32.18,0.835
32.20,0.864
32.22,0.224
32.24,0.629
32.26,0.915
32.28,0.978
32.30,1.009
32.32,1.085
32.34,1.208
32.36,1.148
32.38,1.006
32.40,1.092
32.42,1.009
32.44,1.555
32.46,1.459
32.48,1.739
32.50,1.671
32.52,1.652
32.54,1.541
32.56,1.612
32.58,1.494
32.60,1.636
32.62,2.069
32.64,1.903
32.66,1.698
32.68,1.704
32.70,1.865
32.72,1.743
32.74,1.699
32.76,1.898
32.78,1.984
32.80,1.703
32.82,1.827
32.84,2.215
32.86,1.955
32.88,2.056
32.90,2.010
32.92,1.756
32.94,2.015
32.96,2.122
32.98,2.035
33.00,2.029
33.02,1.817
33.04,2.037
33.06,2.080
33.08,2.043
33.10,1.758
33.12,1.798
33.14,1.707
33.16,2.150
33.18,2.047
33.20,1.823
33.22,1.773
33.24,1.469
33.26,1.864
33.28,1.820
33.30,1.367
33.32,1.954
33.34,2.029
33.36,1.784
33.38,1.472
33.40,1.382
33.42,1.434
33.44,1.552
33.46,1.432
33.48,1.471
33.50,1.309
33.52,0.777
33.54,1.296
33.56,1.224
33.58,1.334
33.60,1.206
33.62,0.738
33.64,1.184
33.66,1.072
33.68,0.741
33.70,1.001
33.72,0.754
33.74,0.497
33.76,0.581
33.78,0.257
33.80,0.173
33.82,0.346
33.84,0.358
33.86,0.360
33.88,0.262
33.90,0.295
33.92,0.388
33.94,0.221
33.96,-0.061
33.98,-0.072
34.00,0.033
34.02,0.242
34.04,-0.223
34.06,0.012
34.08,0.050
34.10,0.084
34.12,-0.497
34.14,-0.534
34.16,-0.437
34.18,-0.417
34.20,-0.920
34.22,-0.577
34.24,-0.640
34.26,-0.589
34.28,-0.871
34.30,-0.993
34.32,-0.793
34.34,-0.702
34.36,-0.663
34.38,-1.063
34.40,-1.096
34.42,-0.995
34.44,-1.060
34.46,-1.039
34.48,-1.049
34.50,-1.115
34.52,-1.332
34.54,-1.439
34.56,-1.516
34.58,-1.047
34.60,-1.452
34.62,-1.506
34.64,-1.597
34.66,-1.207
34.68,-2.051
34.70,-1.712
34.72,-1.430
34.74,-1.673
34.76,-1.622
34.78,-1.563
34.80,-1.539
34.82,-1.405
34.84,-1.439
34.86,-1.694
34.88,-1.539
34.90,-1.355
34.92,-1.811
34.94,-1.679
34.96,-1.583
34.98,-2.023
35.00,-1.626
35.02,-1.786
35.04,-1.677
35.06,-1.657
35.08,-1.494
35.10,-1.989
35.12,-1.493
35.14,-1.933
35.16,-1.632
35.18,-1.436
35.20,-1.627
35.22,-1.555
35.24,-1.295
35.26,-1.424
35.28,-1.472
35.30,-1.567
35.32,-1.479
35.34,-1.411
35.36,-1.232
35.38,-1.417
35.40,-1.355
35.42,-1.137
35.44,-1.409
35.46,-1.075
35.48,-0.807
35.50,-1.169
35.52,-1.053
35.54,-1.175
35.56,-0.704
35.58,-1.078
35.60,-0.779
35.62,-1.131
35.64,-0.882
35.66,-0.920
35.68,-0.794
35.70,-0.613
35.72,-0.433
35.74,-0.558
35.76,-0.744
35.78,-0.650
35.80,-0.458
35.82,-0.231
35.84,-0.474
35.86,-0.544
35.88,-0.214
35.90,-0.335
35.92,-0.286
35.94,-0.086
35.96,-0.016
35.98,-0.115
36.00,0.301
36.02,0.497
36.04,0.023
36.06,0.309
36.08,0.279
36.10,0.247
36.12,0.189
36.14,0.122
36.16,0.204
36.18,0.554
36.20,0.610
36.22,0.322
36.24,0.499
36.26,0.441
36.28,0.807
36.30,0.614
36.32,0.750
36.34,0.808
36.36,0.671
36.38,1.395
36.40,1.063
36.42,0.786
36.44,1.357
36.46,1.045
36.48,0.862
36.50,1.017
36.52,1.239
36.54,1.076
36.56,1.284
36.58,1.359
36.60,1.441
36.62,1.348
36.64,1.154
36.66,1.496
36.68,1.345
36.70,1.304
36.72,1.668
36.74,1.357
36.76,1.238
36.78,1.189
36.80,1.290
36.82,1.059
36.84,1.207
36.86,1.114
36.88,1.331
36.90,1.222
36.92,1.791
36.94,1.910
36.96,1.391
36.98,1.163
37.00,1.230
37.02,1.196
37.04,1.451
37.06,0.990
37.08,1.434
37.10,1.459
37.12,1.208
37.14,1.485
37.16,1.219
37.18,1.242
37.20,1.293
37.22,1.191
37.24,1.299
37.26,1.442
37.28,1.260
37.30,1.067
37.32,1.293
37.34,1.203
37.36,0.792
37.38,1.241
37.40,1.636
37.42,1.067
37.44,0.984
37.46,0.896
37.48,0.737
37.50,0.875
37.52,1.007
37.54,0.637
37.56,0.625
37.58,0.870
37.60,0.706
37.62,0.829
37.64,0.731
37.66,0.600
37.68,0.814
37.70,0.378
37.72,0.727
37.74,0.561
37.76,0.526
37.78,0.455
37.80,0.621
37.82,0.631
37.84,0.224
37.86,0.328
37.88,0.585
37.90,0.100
37.92,0.242
37.94,-0.143
37.96,0.089
37.98,-0.148
38.00,-0.047
38.02,0.147
38.04,0.121
38.06,0.140
38.08,0.216
38.10,0.321
38.12,0.344
38.14,0.295
38.16,0.527
38.18,0.383
38.20,0.259
38.22,0.548
38.24,0.554
38.26,0.666
38.28,0.593
38.30,0.780
38.32,0.915
38.34,0.881
38.36,0.630
38.38,0.700
38.40,0.736
38.42,0.796
38.44,0.721
38.46,0.741
38.48,0.854
38.50,0.797
38.52,0.907
38.54,0.721
38.56,0.755
38.58,0.829
38.60,0.854
38.62,0.777
38.64,0.840
38.66,0.789
38.68,0.657
38.70,0.742
38.72,0.484
38.74,0.784
38.76,0.519
38.78,0.639
38.80,0.457
38.82,0.518
38.84,0.353
38.86,0.436
38.88,0.145
38.90,0.299
38.92,0.217
38.94,0.130
38.96,-0.073
38.98,0.123
39.00,-0.246
39.02,0.005
39.04,-0.121
39.06,0.036
39.08,-0.274
39.10,-0.175
39.12,-0.282
39.14,-0.264
39.16,-0.234
39.18,-0.553
39.20,-0.257
39.22,-0.433
39.24,-0.348
39.26,-0.515
39.28,-0.681
39.30,-0.801
39.32,-0.626
39.34,-0.699
39.36,-0.763
39.38,-0.660
39.40,-0.585
39.42,-0.824
39.44,-0.773
39.46,-0.779
39.48,-0.940
39.50,-0.814
39.52,-0.845
39.54,-0.902
39.56,-0.635
39.58,-0.780
39.60,-0.742
39.62,-0.657
39.64,-0.621
39.66,-0.723
39.68,-0.623
39.70,-0.628
39.72,-0.644
39.74,-0.575
39.76,-0.593
39.78,-0.461
39.80,-0.399
39.82,-0.213
39.84,-0.224
39.86,-0.459
39.88,-0.321
39.90,-0.341
39.92,-0.325
39.94,-0.192
39.96,-0.258
39.98,-0.280
40.00,-0.147
40.02,0.029
40.04,0.036
40.06,0.035
40.08,0.424
40.10,0.267
40.12,0.315
40.14,0.135
40.16,0.492
40.18,0.501
40.20,0.373
40.22,0.507
40.24,0.640
40.26,0.548
40.28,0.522
40.30,0.503
40.32,0.603
40.34,0.730
40.36,0.818
40.38,0.759
40.40,0.664
40.42,0.802
40.44,0.751
40.46,0.648
40.48,0.675
40.50,0.668
40.52,0.749
40.54,0.942
40.56,0.796
40.58,0.795
40.60,0.632
40.62,0.651
40.64,0.694
40.66,0.582
40.68,0.656
40.70,0.762
40.72,0.570
40.74,0.498
40.76,0.567
40.78,0.473
40.80,0.516
40.82,0.451
40.84,0.510
40.86,0.324
40.88,0.213
40.90,0.018
40.92,0.047
40.94,0.188
40.96,0.033
40.98,0.016
41.00,-0.209
41.02,0.129
41.04,-0.181
41.06,-0.076
41.08,-0.247
41.10,-0.176
41.12,-0.590
41.14,-0.430
41.16,-0.546
41.18,-0.433
41.20,-0.514
41.22,-0.214
41.24,-0.460
41.26,-0.487
41.28,-0.604
41.30,-0.698
41.32,-0.623
41.34,-0.557
41.36,-0.761
41.38,-0.814
41.40,-0.930
41.42,-0.877
41.44,-0.537
41.46,-0.514
41.48,-0.667
41.50,-0.658
41.52,-0.892
41.54,-0.807
41.56,-0.798
41.58,-0.702
41.60,-0.724
41.62,-0.840
41.64,-0.619
41.66,-0.873
41.68,-0.715
41.70,-0.575
41.72,-0.674
41.74,-0.499
41.76,-0.403
41.78,-0.564
41.80,-0.467
41.82,-0.248
41.84,-0.258
41.86,-0.474
41.88,-0.092
41.90,-0.314
41.92,-0.345
41.94,-0.053
41.96,-0.032
41.98,0.191
42.00,-0.211
42.02,-0.075
42.04,0.071
42.06,0.163
42.08,0.179
42.10,0.124
42.12,0.437
42.14,0.246
42.16,0.263
42.18,0.248
42.20,0.484
42.22,0.406
42.24,0.393
42.26,0.920
42.28,0.848
42.30,0.671
42.32,0.684
42.34,0.669
42.36,0.697
42.38,0.637
42.40,0.837
42.42,0.547
42.44,0.808
42.46,0.740
42.48,1.026
42.50,0.722
42.52,0.836
42.54,0.779
42.56,0.787
42.58,0.857
42.60,0.866
42.62,0.700
42.64,0.599
42.66,0.727
42.68,0.454
42.70,0.742
42.72,0.570
42.74,0.762
42.76,0.595
42.78,0.356
42.80,0.461
42.82,0.479
42.84,0.169
42.86,0.306
42.88,0.347
42.90,0.296
42.92,0.131
42.94,0.075
42.96,0.065
42.98,0.152
43.00,-0.056
43.02,0.139
43.04,-0.052
43.06,-0.130
43.08,-0.382
43.10,-0.050
43.12,-0.313
43.14,-0.264
43.16,-0.117
43.18,-0.553
43.20,-0.516
43.22,-0.672
43.24,-0.670
43.26,-0.589
43.28,-0.650
43.30,-0.691
43.32,-0.855
43.34,-0.679
43.36,-0.801
43.38,-0.759
43.40,-0.749
43.42,-0.752
43.44,-0.784
43.46,-0.724
43.48,-0.704
43.50,-0.920
43.52,-0.699
43.54,-0.883
43.56,-0.950
43.58,-0.810
43.60,-0.786
43.62,-0.631
43.64,-0.593
43.66,-0.580
43.68,-0.606
43.70,-0.719
43.72,-0.558
43.74,-0.590
43.76,-0.750
43.78,-0.591
43.80,-0.573
43.82,-0.699
43.84,-0.359
43.86,-0.381
43.88,-0.309
43.90,-0.284
43.92,-0.333
43.94,-0.127
43.96,-0.294
43.98,-0.031
44.00,0.044
44.02,0.190
44.04,0.120
44.06,0.233
44.08,0.226
44.10,0.364
44.12,0.162
44.14,0.427
44.16,0.326
44.18,0.380
44.20,0.307
44.22,0.504
44.24,0.381
44.26,0.414
44.28,0.649
44.30,0.735
44.32,0.693
44.34,0.898
44.36,0.717
44.38,0.596
44.40,0.786
44.42,0.989
44.44,0.797
44.46,0.900
44.48,0.747
44.50,0.853
44.52,0.897
44.54,0.735
44.56,0.672
44.58,1.175
44.60,0.977
44.62,0.828
44.64,0.683
44.66,0.685
44.68,0.809
44.70,0.656
44.72,0.566
44.74,0.592
44.76,0.467
44.78,0.678
44.80,0.527
44.82,0.657
44.84,0.381
44.86,0.326
44.88,0.576
44.90,0.242
44.92,0.140
44.94,0.064
44.96,0.124
44.98,0.046
45.00,0.106
45.02,-0.015
45.04,0.119
45.06,0.003
45.08,-0.137
45.10,-0.230
45.12,-0.233
45.14,-0.262
45.16,-0.280
45.18,-0.454
45.20,-0.549
45.22,-0.562
45.24,-0.552
45.26,-0.396
45.28,-0.598
45.30,-0.688
45.32,-0.491
45.34,-0.895
45.36,-0.628
45.38,-0.675
45.40,-0.775
45.42,-0.703
45.44,-0.522
45.46,-0.734
45.48,-1.136
45.50,-0.779
45.52,-0.794
45.54,-0.703
45.56,-0.927
45.58,-0.962
45.60,-0.617
45.62,-0.847
45.64,-0.749
45.66,-0.731
45.68,-0.653
45.70,-0.732
45.72,-0.502
45.74,-0.718
45.76,-0.650
45.78,-0.475
45.80,-0.380
45.82,-0.264
45.84,-0.302
45.86,-0.285
45.88,-0.208
45.90,-0.407
45.92,-0.127
45.94,-0.159
45.96,-0.058
45.98,-0.009
46.00,-0.003
46.02,-0.031
46.04,0.135
46.06,0.119
46.08,0.150
46.10,0.211
46.12,0.335
46.14,0.237
46.16,0.426
46.18,0.575
46.20,0.379
46.22,0.514
46.24,0.417
46.26,0.445
46.28,0.383
46.30,0.413
46.32,0.563
46.34,0.883
46.36,0.895
46.38,0.786
46.40,0.818
46.42,0.880
46.44,0.980
46.46,0.801
46.48,0.751
46.50,0.744
46.52,0.822
46.54,0.756
46.56,0.687
46.58,0.952
46.60,0.702
46.62,0.726
46.64,0.663
46.66,0.503
46.68,0.767
46.70,0.753
46.72,0.700
46.74,0.601
46.76,0.435
46.78,0.545
46.80,0.568
46.82,0.432
46.84,0.518
46.86,0.240
46.88,0.206
46.90,0.182
46.92,0.262
46.94,-0.047
46.96,0.071
46.98,-0.107
47.00,0.014
47.02,-0.131
47.04,-0.386
47.06,-0.120
47.08,-0.461
47.10,-0.319
47.12,-0.252
47.14,-0.474
47.16,-0.515
47.18,-0.414
47.20,-0.519
47.22,-0.573
47.24,-0.492
47.26,-0.623
47.28,-0.521
47.30,-0.621
47.32,-0.583
47.34,-0.657
47.36,-0.811
47.38,-0.723
47.40,-0.750
47.42,-0.683
47.44,-0.984
47.46,-0.762
47.48,-0.737
47.50,-0.677
47.52,-0.811
47.54,-0.525
47.56,-0.712
47.58,-0.669
47.60,-0.663
47.62,-0.895
47.64,-0.800
47.66,-0.623
47.68,-0.555
47.70,-0.752
47.72,-0.446
47.74,-0.529
47.76,-0.338
47.78,-0.571
47.80,-0.259
47.82,-0.510
47.84,-0.410
47.86,-0.639
47.88,-0.214
47.90,-0.193
47.92,-0.350
47.94,-0.164
47.96,0.084
47.98,-0.018
